company_name,industry,symbol,Series,sector,ticker,f&o
360 ONE WAM LIMITED,Financial Services,360ONE,EQ,Financial Services,360ONE.NS,F&O
3M India Limited,Diversified,3MINDIA,EQ,Diversified,3MINDIA.NS,#N/A
Aadhar Housing Finance Ltd.,Financial Services,AADHARHFC,EQ,Financial Services,AADHARHFC.NS,#N/A
Aarti Drugs Limited,Healthcare,AARTIDRUGS,EQ,Healthcare,AARTIDRUGS.NS,#N/A
Aarti Industries Limited,Chemicals,AARTIIND,EQ,Chemicals,AARTIIND.NS,#N/A
Aarti Pharmalabs Limited,Healthcare,AARTIPHARM,EQ,Healthcare,AARTIPHARM.NS,#N/A
Aavas Financiers Ltd.,Financial Services,AAVAS,EQ,Financial Services,AAVAS.NS,#N/A
ABB India Limited,Capital Goods,ABB,EQ,Capital Goods,ABB.NS,F&O
Abbott India Limited,Healthcare,ABBOTINDIA,EQ,Healthcare,ABBOTINDIA.NS,#N/A
Aditya Birla Capital Limited,Financial Services,ABCAPITAL,EQ,Financial Services,ABCAPITAL.NS,F&O
Aditya Birla Fashion and Retail Limited,Consumer Services,ABFRL,EQ,Consumer Services,ABFRL.NS,#N/A
Aditya Birla Lifestyle Brands Ltd.,Consumer Services,ABLBL,EQ,Consumer Services,ABLBL.NS,#N/A
Aditya Birla Real Estate Ltd.,Forest Materials,ABREL,EQ,Forest Materials,ABREL.NS,#N/A
Aditya Birla Sun Life AMC Limited,Financial Services,ABSLAMC,EQ,Financial Services,ABSLAMC.NS,#N/A
ACC Limited,Construction Materials,ACC,EQ,Construction Materials,ACC.NS,#N/A
Action Construction Equipment Limited,Capital Goods,ACE,EQ,Capital Goods,ACE.NS,#N/A
Archean Chemical Industries Limited,Chemicals,ACI,EQ,Chemicals,ACI.NS,#N/A
ACME Solar Holdings Ltd.,Power,ACMESOLAR,EQ,Power,ACMESOLAR.NS,#N/A
Adani Energy Solutions Limited,Power,ADANIENSOL,EQ,Power,ADANIENSOL.NS,F&O
Adani Enterprises Limited,Metals & Mining,ADANIENT,EQ,Metals & Mining,ADANIENT.NS,F&O
Adani Green Energy Limited,Power,ADANIGREEN,EQ,Power,ADANIGREEN.NS,F&O
Adani Ports and Special Economic Zone Limited,Services,ADANIPORTS,EQ,Services,ADANIPORTS.NS,F&O
Adani Power Limited,Power,ADANIPOWER,EQ,Power,ADANIPOWER.NS,F&O
Advanced Enzyme Technologies Limited,Healthcare,ADVENZYMES,EQ,Healthcare,ADVENZYMES.NS,#N/A
Aegis Logistics Ltd.,"Oil, Gas & Consumable Fuels",AEGISLOG,EQ,"Oil, Gas & Consumable Fuels",AEGISLOG.NS,#N/A
Aegis Vopak Terminals Ltd.,"Oil, Gas & Consumable Fuels",AEGISVOPAK,EQ,"Oil, Gas & Consumable Fuels",AEGISVOPAK.NS,#N/A
Aether Industries Limited,Chemicals,AETHER,EQ,Chemicals,AETHER.NS,#N/A
Afcons Infrastructure Ltd.,Construction,AFCONS,EQ,Construction,AFCONS.NS,#N/A
Affle (India) Limited,Information Technology,AFFLE,EQ,Information Technology,AFFLE.NS,#N/A
Dr. Agarwal's Health Care Ltd.,Healthcare,AGARWALEYE,EQ,Healthcare,AGARWALEYE.NS,#N/A
AGI Greenpac Limited,Capital Goods,AGI,EQ,Capital Goods,AGI.NS,#N/A
Ahluwalia Contracts (India) Limited,Construction,AHLUCONT,EQ,Construction,AHLUCONT.NS,#N/A
AIA Engineering Limited,Capital Goods,AIAENG,EQ,Capital Goods,AIAENG.NS,#N/A
Authum Investment & Infrastructure Ltd.,Financial Services,AIIL,EQ,Financial Services,AIIL.NS,#N/A
Ajanta Pharma Limited,Healthcare,AJANTPHARM,EQ,Healthcare,AJANTPHARM.NS,#N/A
Akums Drugs and Pharmaceuticals Ltd.,Healthcare,AKUMS,EQ,Healthcare,AKUMS.NS,#N/A
Akzo Nobel India Limited,Consumer Durables,AKZOINDIA,EQ,Consumer Durables,AKZOINDIA.NS,#N/A
Alkem Laboratories Limited,Healthcare,ALKEM,EQ,Healthcare,ALKEM.NS,F&O
Alkyl Amines Chemicals Limited,Chemicals,ALKYLAMINE,EQ,Chemicals,ALKYLAMINE.NS,#N/A
Allcargo Logistics Limited,Services,ALLCARGO,EQ,Services,ALLCARGO.NS,#N/A
Alok Industries Limited,Textiles,ALOKINDS,EQ,Textiles,ALOKINDS.NS,#N/A
Amber Enterprises India Limited,Consumer Durables,AMBER,EQ,Consumer Durables,AMBER.NS,F&O
Ambuja Cements Limited,Construction Materials,AMBUJACEM,EQ,Construction Materials,AMBUJACEM.NS,F&O
Anand Rathi Wealth Limited,Financial Services,ANANDRATHI,EQ,Financial Services,ANANDRATHI.NS,#N/A
Anant Raj Limited,Realty,ANANTRAJ,EQ,Realty,ANANTRAJ.NS,#N/A
Angel One Limited,Financial Services,ANGELONE,EQ,Financial Services,ANGELONE.NS,F&O
Anupam Rasayan India Limited,Chemicals,ANURAS,EQ,Chemicals,ANURAS.NS,#N/A
Apar Industries Limited,Capital Goods,APARINDS,EQ,Capital Goods,APARINDS.NS,#N/A
APL Apollo Tubes Limited,Capital Goods,APLAPOLLO,EQ,Capital Goods,APLAPOLLO.NS,F&O
Alembic Pharmaceuticals Limited,Healthcare,APLLTD,EQ,Healthcare,APLLTD.NS,#N/A
Apollo Micro Systems Limited,Capital Goods,APOLLO,EQ,Capital Goods,APOLLO.NS,#N/A
Apollo Hospitals Enterprise Limited,Healthcare,APOLLOHOSP,EQ,Healthcare,APOLLOHOSP.NS,F&O
Apollo Tyres Limited,Automobile and Auto Components,APOLLOTYRE,EQ,Automobile and Auto Components,APOLLOTYRE.NS,#N/A
Aptus Value Housing Finance India Limited,Financial Services,APTUS,EQ,Financial Services,APTUS.NS,#N/A
Amara Raja Energy & Mobility Ltd.,Automobile and Auto Components,ARE&M,EQ,Automobile and Auto Components,ARE&M.NS,#N/A
Arvind Limited,Textiles,ARVIND,EQ,Textiles,ARVIND.NS,#N/A
Arvind Fashions Limited,Consumer Services,ARVINDFASN,EQ,Consumer Services,ARVINDFASN.NS,#N/A
Asahi India Glass Limited,Automobile and Auto Components,ASAHIINDIA,EQ,Automobile and Auto Components,ASAHIINDIA.NS,#N/A
Ashoka Buildcon Limited,Construction,ASHOKA,EQ,Construction,ASHOKA.NS,#N/A
Ashok Leyland Limited,Capital Goods,ASHOKLEY,EQ,Capital Goods,ASHOKLEY.NS,F&O
Asian Paints Limited,Consumer Durables,ASIANPAINT,EQ,Consumer Durables,ASIANPAINT.NS,F&O
Aster DM Healthcare Limited,Healthcare,ASTERDM,EQ,Healthcare,ASTERDM.NS,#N/A
Astral Limited,Capital Goods,ASTRAL,EQ,Capital Goods,ASTRAL.NS,F&O
Astra Microwave Products Limited,Capital Goods,ASTRAMICRO,EQ,Capital Goods,ASTRAMICRO.NS,#N/A
AstraZeneca Pharma India Limited,Healthcare,ASTRAZEN,EQ,Healthcare,ASTRAZEN.NS,#N/A
Adani Total Gas Limited,"Oil, Gas & Consumable Fuels",ATGL,EQ,"Oil, Gas & Consumable Fuels",ATGL.NS,#N/A
Ather Energy Ltd.,Automobile and Auto Components,ATHERENERG,EQ,Automobile and Auto Components,ATHERENERG.NS,#N/A
Atul Limited,Chemicals,ATUL,EQ,Chemicals,ATUL.NS,#N/A
AU Small Finance Bank Limited,Financial Services,AUBANK,EQ,Financial Services,AUBANK.NS,F&O
Aurobindo Pharma Limited,Healthcare,AUROPHARMA,EQ,Healthcare,AUROPHARMA.NS,F&O
Adani Wilmar Limited,Fast Moving Consumer Goods,AWL,EQ,Fast Moving Consumer Goods,AWL.NS,#N/A
Axis Bank Limited,Financial Services,AXISBANK,EQ,Financial Services,AXISBANK.NS,F&O
Bajaj Auto Limited,Automobile and Auto Components,BAJAJ-AUTO,EQ,Automobile and Auto Components,BAJAJ-AUTO.NS,F&O
Bajaj Consumer Care Limited,Fast Moving Consumer Goods,BAJAJCON,EQ,Fast Moving Consumer Goods,BAJAJCON.NS,#N/A
Bajaj Finserv Limited,Financial Services,BAJAJFINSV,EQ,Financial Services,BAJAJFINSV.NS,F&O
Bajaj Housing Finance Ltd.,Financial Services,BAJAJHFL,EQ,Financial Services,BAJAJHFL.NS,#N/A
Bajaj Hindusthan Sugar Limited,Fast Moving Consumer Goods,BAJAJHIND,EQ,Fast Moving Consumer Goods,BAJAJHIND.NS,#N/A
Bajaj Holdings & Investment Limited,Financial Services,BAJAJHLDNG,EQ,Financial Services,BAJAJHLDNG.NS,F&O
Bajaj Finance Limited,Financial Services,BAJFINANCE,EQ,Financial Services,BAJFINANCE.NS,F&O
Balaji Amines Limited,Chemicals,BALAMINES,EQ,Chemicals,BALAMINES.NS,#N/A
Balkrishna Industries Limited,Automobile and Auto Components,BALKRISIND,EQ,Automobile and Auto Components,BALKRISIND.NS,#N/A
Balmer Lawrie & Company Limited,Diversified,BALMLAWRIE,EQ,Diversified,BALMLAWRIE.NS,#N/A
Balrampur Chini Mills Limited,Fast Moving Consumer Goods,BALRAMCHIN,EQ,Fast Moving Consumer Goods,BALRAMCHIN.NS,#N/A
Banco Products (I) Limited,Automobile and Auto Components,BANCOINDIA,EQ,Automobile and Auto Components,BANCOINDIA.NS,#N/A
Bandhan Bank Limited,Financial Services,BANDHANBNK,EQ,Financial Services,BANDHANBNK.NS,F&O
Bank of Baroda,Financial Services,BANKBARODA,EQ,Financial Services,BANKBARODA.NS,F&O
Bank of India,Financial Services,BANKINDIA,EQ,Financial Services,BANKINDIA.NS,F&O
BASF India Limited,Chemicals,BASF,EQ,Chemicals,BASF.NS,#N/A
Bata India Limited,Consumer Durables,BATAINDIA,EQ,Consumer Durables,BATAINDIA.NS,#N/A
Bayer Cropscience Limited,Chemicals,BAYERCROP,EQ,Chemicals,BAYERCROP.NS,#N/A
Bharat Bijlee Limited,Capital Goods,BBL,EQ,Capital Goods,BBL.NS,#N/A
Black Box Limited,Information Technology,BBOX,EQ,Information Technology,BBOX.NS,#N/A
Bombay Burmah Trading Corporation Limited,Fast Moving Consumer Goods,BBTC,EQ,Fast Moving Consumer Goods,BBTC.NS,#N/A
Bharat Dynamics Limited,Capital Goods,BDL,EQ,Capital Goods,BDL.NS,F&O
Mrs. Bectors Food Specialities Limited,Fast Moving Consumer Goods,BECTORFOOD,EQ,Fast Moving Consumer Goods,BECTORFOOD.NS,#N/A
Bharat Electronics Limited,Capital Goods,BEL,EQ,Capital Goods,BEL.NS,F&O
BEML Limited,Capital Goods,BEML,EQ,Capital Goods,BEML.NS,#N/A
Berger Paints (I) Limited,Consumer Durables,BERGEPAINT,EQ,Consumer Durables,BERGEPAINT.NS,#N/A
Bharat Forge Limited,Capital Goods,BHARATFORG,EQ,Capital Goods,BHARATFORG.NS,F&O
Bharat Rasayan Limited,Chemicals,BHARATRAS,EQ,Chemicals,BHARATRAS.NS,#N/A
Bharti Airtel Limited,Telecommunication,BHARTIARTL,EQ,Telecommunication,BHARTIARTL.NS,F&O
Bharti Hexacom Ltd.,Telecommunication,BHARTIHEXA,EQ,Telecommunication,BHARTIHEXA.NS,#N/A
Bharat Heavy Electricals Limited,Capital Goods,BHEL,EQ,Capital Goods,BHEL.NS,F&O
Bikaji Foods International Limited,Fast Moving Consumer Goods,BIKAJI,EQ,Fast Moving Consumer Goods,BIKAJI.NS,#N/A
Biocon Ltd.,Healthcare,BIOCON,EQ,Healthcare,BIOCON.NS,F&O
Birla Corporation Limited,Construction Materials,BIRLACORPN,EQ,Construction Materials,BIRLACORPN.NS,#N/A
BLS International Services Ltd.,Consumer Services,BLS,EQ,Consumer Services,BLS.NS,#N/A
Blue Dart Express Limited,Services,BLUEDART,EQ,Services,BLUEDART.NS,#N/A
Blue Jet Healthcare Ltd.,Healthcare,BLUEJET,EQ,Healthcare,BLUEJET.NS,#N/A
Blue Star Limited,Consumer Durables,BLUESTARCO,EQ,Consumer Durables,BLUESTARCO.NS,F&O
Bombay Dyeing & Mfg Company Limited,Textiles,BOMDYEING,EQ,Textiles,BOMDYEING.NS,#N/A
Borosil Limited,Consumer Durables,BOROLTD,EQ,Consumer Durables,BOROLTD.NS,#N/A
BOROSIL RENEWABLES LIMITED,Capital Goods,BORORENEW,EQ,Capital Goods,BORORENEW.NS,#N/A
Bosch Limited,Automobile and Auto Components,BOSCHLTD,EQ,Automobile and Auto Components,BOSCHLTD.NS,F&O
Bharat Petroleum Corporation Limited,"Oil, Gas & Consumable Fuels",BPCL,EQ,"Oil, Gas & Consumable Fuels",BPCL.NS,F&O
Brigade Enterprises Limited,Realty,BRIGADE,EQ,Realty,BRIGADE.NS,#N/A
Britannia Industries Limited,Fast Moving Consumer Goods,BRITANNIA,EQ,Fast Moving Consumer Goods,BRITANNIA.NS,F&O
BSE Ltd.,Financial Services,BSE,EQ,Financial Services,BSE.NS,F&O
BIRLASOFT LIMITED,Information Technology,BSOFT,EQ,Information Technology,BSOFT.NS,#N/A
Campus Activewear Limited,Consumer Durables,CAMPUS,EQ,Consumer Durables,CAMPUS.NS,#N/A
Computer Age Management Services Limited,Financial Services,CAMS,EQ,Financial Services,CAMS.NS,F&O
Canara Bank,Financial Services,CANBK,EQ,Financial Services,CANBK.NS,F&O
Can Fin Homes Limited,Financial Services,CANFINHOME,EQ,Financial Services,CANFINHOME.NS,#N/A
Caplin Point Laboratories Limited,Healthcare,CAPLIPOINT,EQ,Healthcare,CAPLIPOINT.NS,#N/A
Carborundum Universal Limited,Capital Goods,CARBORUNIV,EQ,Capital Goods,CARBORUNIV.NS,#N/A
Cartrade Tech Limited,Consumer Services,CARTRADE,EQ,Consumer Services,CARTRADE.NS,#N/A
Castrol India Limited,"Oil, Gas & Consumable Fuels",CASTROLIND,EQ,"Oil, Gas & Consumable Fuels",CASTROLIND.NS,#N/A
CCL Products (India) Limited,Fast Moving Consumer Goods,CCL,EQ,Fast Moving Consumer Goods,CCL.NS,#N/A
Central Depository Services (India) Ltd.,Financial Services,CDSL,EQ,Financial Services,CDSL.NS,F&O
Ceat Ltd.,Automobile and Auto Components,CEATLTD,EQ,Automobile and Auto Components,CEATLTD.NS,#N/A
Central Bank of India,Financial Services,CENTRALBK,EQ,Financial Services,CENTRALBK.NS,#N/A
Century Plyboards (India) Limited,Consumer Durables,CENTURYPLY,EQ,Consumer Durables,CENTURYPLY.NS,#N/A
Cera Sanitaryware Limited,Consumer Durables,CERA,EQ,Consumer Durables,CERA.NS,#N/A
CESC Limited,Power,CESC,EQ,Power,CESC.NS,#N/A
Capri Global Capital Limited,Financial Services,CGCL,EQ,Financial Services,CGCL.NS,#N/A
CG Power and Industrial Solutions Limited,Capital Goods,CGPOWER,EQ,Capital Goods,CGPOWER.NS,F&O
Chalet Hotels Limited,Consumer Services,CHALET,EQ,Consumer Services,CHALET.NS,#N/A
Chambal Fertilizers & Chemicals Limited,Chemicals,CHAMBLFERT,EQ,Chemicals,CHAMBLFERT.NS,#N/A
Chemplast Sanmar Limited,Chemicals,CHEMPLASTS,EQ,Chemicals,CHEMPLASTS.NS,#N/A
Chennai Petroleum Corporation Limited,"Oil, Gas & Consumable Fuels",CHENNPETRO,EQ,"Oil, Gas & Consumable Fuels",CHENNPETRO.NS,#N/A
Choice International Limited,Financial Services,CHOICEIN,EQ,Financial Services,CHOICEIN.NS,#N/A
Cholamandalam Investment and Finance Company Limited,Financial Services,CHOLAFIN,EQ,Financial Services,CHOLAFIN.NS,F&O
Cholamandalam Financial Holdings Limited,Financial Services,CHOLAHLDNG,EQ,Financial Services,CHOLAHLDNG.NS,#N/A
CIE Automotive India Limited,Automobile and Auto Components,CIEINDIA,EQ,Automobile and Auto Components,CIEINDIA.NS,#N/A
Cipla Limited,Healthcare,CIPLA,EQ,Healthcare,CIPLA.NS,F&O
Clean Science and Technology Limited,Chemicals,CLEAN,EQ,Chemicals,CLEAN.NS,#N/A
CMS Info Systems Limited,Services,CMSINFO,EQ,Services,CMSINFO.NS,#N/A
Coal India Limited,"Oil, Gas & Consumable Fuels",COALINDIA,EQ,"Oil, Gas & Consumable Fuels",COALINDIA.NS,F&O
Cochin Shipyard Limited,Capital Goods,COCHINSHIP,EQ,Capital Goods,COCHINSHIP.NS,F&O
Coforge Limited,Information Technology,COFORGE,EQ,Information Technology,COFORGE.NS,F&O
Cohance Lifesciences Ltd.,Healthcare,COHANCE,EQ,Healthcare,COHANCE.NS,#N/A
Colgate Palmolive (India) Limited,Fast Moving Consumer Goods,COLPAL,EQ,Fast Moving Consumer Goods,COLPAL.NS,F&O
Container Corporation of India Limited,Services,CONCOR,EQ,Services,CONCOR.NS,F&O
Concord Biotech Limited,Healthcare,CONCORDBIO,EQ,Healthcare,CONCORDBIO.NS,#N/A
Coromandel International Limited,Chemicals,COROMANDEL,EQ,Chemicals,COROMANDEL.NS,#N/A
Craftsman Automation Limited,Automobile and Auto Components,CRAFTSMAN,EQ,Automobile and Auto Components,CRAFTSMAN.NS,#N/A
CREDITACCESS GRAMEEN LIMITED,Financial Services,CREDITACC,EQ,Financial Services,CREDITACC.NS,#N/A
CRISIL Limited,Financial Services,CRISIL,EQ,Financial Services,CRISIL.NS,#N/A
Crompton Greaves Consumer Electricals Limited,Consumer Durables,CROMPTON,EQ,Consumer Durables,CROMPTON.NS,F&O
CSB Bank Limited,Financial Services,CSBBANK,EQ,Financial Services,CSBBANK.NS,#N/A
City Union Bank Limited,Financial Services,CUB,EQ,Financial Services,CUB.NS,#N/A
Cummins India Limited,Capital Goods,CUMMINSIND,EQ,Capital Goods,CUMMINSIND.NS,F&O
Cyient Limited,Information Technology,CYIENT,EQ,Information Technology,CYIENT.NS,#N/A
Cyient DLM Limited,Capital Goods,CYIENTDLM,EQ,Capital Goods,CYIENTDLM.NS,#N/A
Dabur India Limited,Fast Moving Consumer Goods,DABUR,EQ,Fast Moving Consumer Goods,DABUR.NS,F&O
Dalmia Bharat Limited,Construction Materials,DALBHARAT,EQ,Construction Materials,DALBHARAT.NS,F&O
Dalmia Bharat Sugar and Industries Limited,Fast Moving Consumer Goods,DALMIASUG,EQ,Fast Moving Consumer Goods,DALMIASUG.NS,#N/A
Datamatics Global Services Limited,Information Technology,DATAMATICS,EQ,Information Technology,DATAMATICS.NS,#N/A
Data Patterns (India) Limited,Capital Goods,DATAPATTNS,EQ,Capital Goods,DATAPATTNS.NS,#N/A
D.B.Corp Limited,"Media, Entertainment & Publication",DBCORP,EQ,"Media, Entertainment & Publication",DBCORP.NS,#N/A
Dilip Buildcon Limited,Construction,DBL,EQ,Construction,DBL.NS,#N/A
D B Realty Limited,Realty,DBREALTY,EQ,Realty,DBREALTY.NS,#N/A
Dishman Carbogen Amcis Limited,Healthcare,DCAL,EQ,Healthcare,DCAL.NS,#N/A
DCB Bank Limited,Financial Services,DCBBANK,EQ,Financial Services,DCBBANK.NS,#N/A
DCM Shriram Limited,Diversified,DCMSHRIRAM,EQ,Diversified,DCMSHRIRAM.NS,#N/A
DCX Systems Limited,Capital Goods,DCXINDIA,EQ,Capital Goods,DCXINDIA.NS,#N/A
Deepak Fertilizers and Petrochemicals Corporation Limited,Chemicals,DEEPAKFERT,EQ,Chemicals,DEEPAKFERT.NS,#N/A
Deepak Nitrite Limited,Chemicals,DEEPAKNTR,EQ,Chemicals,DEEPAKNTR.NS,#N/A
Delhivery Limited,Services,DELHIVERY,EQ,Services,DELHIVERY.NS,F&O
Delta Corp Limited,Consumer Services,DELTACORP,EQ,Consumer Services,DELTACORP.NS,#N/A
Devyani International Limited,Consumer Services,DEVYANI,EQ,Consumer Services,DEVYANI.NS,#N/A
Dhanuka Agritech Limited,Chemicals,DHANUKA,EQ,Chemicals,DHANUKA.NS,#N/A
Dish TV India Limited,"Media, Entertainment & Publication",DISHTV,EQ,"Media, Entertainment & Publication",DISHTV.NS,#N/A
Divi's Laboratories Limited,Healthcare,DIVISLAB,EQ,Healthcare,DIVISLAB.NS,F&O
Dixon Technologies (India) Limited,Consumer Durables,DIXON,EQ,Consumer Durables,DIXON.NS,F&O
DLF Limited,Realty,DLF,EQ,Realty,DLF.NS,F&O
Avenue Supermarts Limited,Consumer Services,DMART,EQ,Consumer Services,DMART.NS,F&O
Dodla Dairy Limited,Fast Moving Consumer Goods,DODLA,EQ,Fast Moving Consumer Goods,DODLA.NS,#N/A
DOMS Industries Ltd.,Fast Moving Consumer Goods,DOMS,EQ,Fast Moving Consumer Goods,DOMS.NS,#N/A
Dr. Reddy's Laboratories Limited,Healthcare,DRREDDY,EQ,Healthcare,DRREDDY.NS,F&O
Dynamatic Technologies Limited,Capital Goods,DYNAMATECH,EQ,Capital Goods,DYNAMATECH.NS,#N/A
Easy Trip Planners Limited,Consumer Services,EASEMYTRIP,EQ,Consumer Services,EASEMYTRIP.NS,#N/A
eClerx Services Limited,Services,ECLERX,EQ,Services,ECLERX.NS,#N/A
Edelweiss Financial Services Limited,Financial Services,EDELWEISS,EQ,Financial Services,EDELWEISS.NS,#N/A
Eicher Motors Limited,Automobile and Auto Components,EICHERMOT,EQ,Automobile and Auto Components,EICHERMOT.NS,F&O
EID Parry India Limited,Chemicals,EIDPARRY,EQ,Chemicals,EIDPARRY.NS,#N/A
EIH Limited,Consumer Services,EIHOTEL,EQ,Consumer Services,EIHOTEL.NS,#N/A
Elecon Engineering Company Limited,Capital Goods,ELECON,EQ,Capital Goods,ELECON.NS,#N/A
Electrosteel Castings Limited,Capital Goods,ELECTCAST,EQ,Capital Goods,ELECTCAST.NS,#N/A
Elgi Equipments Limited,Capital Goods,ELGIEQUIP,EQ,Capital Goods,ELGIEQUIP.NS,#N/A
Emami Limited,Fast Moving Consumer Goods,EMAMILTD,EQ,Fast Moving Consumer Goods,EMAMILTD.NS,#N/A
Emcure Pharmaceuticals Ltd.,Healthcare,EMCURE,EQ,Healthcare,EMCURE.NS,#N/A
eMudhra Limited,Information Technology,EMUDHRA,EQ,Information Technology,EMUDHRA.NS,#N/A
Endurance Technologies Limited,Automobile and Auto Components,ENDURANCE,EQ,Automobile and Auto Components,ENDURANCE.NS,#N/A
Engineers India Limited,Construction,ENGINERSIN,EQ,Construction,ENGINERSIN.NS,#N/A
Siemens Energy India Ltd.,Capital Goods,ENRIN,EQ,Capital Goods,ENRIN.NS,#N/A
Epigral Limited,Chemicals,EPIGRAL,EQ,Chemicals,EPIGRAL.NS,#N/A
EPL Limited,Capital Goods,EPL,EQ,Capital Goods,EPL.NS,#N/A
Equitas Small Finance Bank Limited,Financial Services,EQUITASBNK,EQ,Financial Services,EQUITASBNK.NS,#N/A
Eris Lifesciences Limited,Healthcare,ERIS,EQ,Healthcare,ERIS.NS,#N/A
Esab India Limited,Capital Goods,ESABINDIA,EQ,Capital Goods,ESABINDIA.NS,#N/A
Escorts Kubota Limited,Capital Goods,ESCORTS,EQ,Capital Goods,ESCORTS.NS,#N/A
Eternal Ltd.,Consumer Services,ETERNAL,EQ,Consumer Services,ETERNAL.NS,F&O
Exide Industries Limited,Automobile and Auto Components,EXIDEIND,EQ,Automobile and Auto Components,EXIDEIND.NS,F&O
Fertilizers and Chemicals Travancore Limited,Chemicals,FACT,EQ,Chemicals,FACT.NS,#N/A
Fineotex Chemical Limited,Chemicals,FCL,EQ,Chemicals,FCL.NS,#N/A
FDC Limited,Healthcare,FDC,EQ,Healthcare,FDC.NS,#N/A
The Federal Bank Limited,Financial Services,FEDERALBNK,EQ,Financial Services,FEDERALBNK.NS,F&O
Finolex Cables Limited,Capital Goods,FINCABLES,EQ,Capital Goods,FINCABLES.NS,#N/A
Fine Organic Industries Limited,Chemicals,FINEORG,EQ,Chemicals,FINEORG.NS,#N/A
Finolex Industries Limited,Capital Goods,FINPIPE,EQ,Capital Goods,FINPIPE.NS,#N/A
Brainbees Solutions Ltd.,Consumer Services,FIRSTCRY,EQ,Consumer Services,FIRSTCRY.NS,#N/A
Five-Star Business Finance Limited,Financial Services,FIVESTAR,EQ,Financial Services,FIVESTAR.NS,#N/A
Gujarat Fluorochemicals Limited,Chemicals,FLUOROCHEM,EQ,Chemicals,FLUOROCHEM.NS,#N/A
FORCE MOTORS LTD,Automobile and Auto Components,FORCEMOT,EQ,Automobile and Auto Components,FORCEMOT.NS,F&O
Fortis Healthcare Limited,Healthcare,FORTIS,EQ,Healthcare,FORTIS.NS,F&O
Firstsource Solutions Limited,Services,FSL,EQ,Services,FSL.NS,#N/A
Fusion Micro Finance Limited,Financial Services,FUSION,EQ,Financial Services,FUSION.NS,#N/A
Gabriel India Limited,Automobile and Auto Components,GABRIEL,EQ,Automobile and Auto Components,GABRIEL.NS,#N/A
GAIL (India) Limited,"Oil, Gas & Consumable Fuels",GAIL,EQ,"Oil, Gas & Consumable Fuels",GAIL.NS,F&O
Galaxy Surfactants Limited,Chemicals,GALAXYSURF,EQ,Chemicals,GALAXYSURF.NS,#N/A
Gallantt Ispat Limited,Capital Goods,GALLANTT,EQ,Capital Goods,GALLANTT.NS,#N/A
Garware Technical Fibres Limited,Textiles,GARFIBRES,EQ,Textiles,GARFIBRES.NS,#N/A
Gateway Distriparks Limited,Services,GATEWAY,EQ,Services,GATEWAY.NS,#N/A
Gensol Engineering Limited,Services,GENSOL,EQ,Services,GENSOL.NS,#N/A
Genus Power Infrastructures Limited,Capital Goods,GENUSPOWER,EQ,Capital Goods,GENUSPOWER.NS,#N/A
The Great Eastern Shipping Company Limited,Services,GESHIP,EQ,Services,GESHIP.NS,#N/A
GHCL Limited,Chemicals,GHCL,EQ,Chemicals,GHCL.NS,#N/A
General Insurance Corporation of India,Financial Services,GICRE,EQ,Financial Services,GICRE.NS,#N/A
Gillette India Limited,Fast Moving Consumer Goods,GILLETTE,EQ,Fast Moving Consumer Goods,GILLETTE.NS,#N/A
Gland Pharma Limited,Healthcare,GLAND,EQ,Healthcare,GLAND.NS,#N/A
GlaxoSmithKline Pharmaceuticals Limited,Healthcare,GLAXO,EQ,Healthcare,GLAXO.NS,#N/A
Glenmark Pharmaceuticals Limited,Healthcare,GLENMARK,EQ,Healthcare,GLENMARK.NS,F&O
Gujarat Mineral Development Corporation Limited,Metals & Mining,GMDCLTD,EQ,Metals & Mining,GMDCLTD.NS,#N/A
GMM Pfaudler Limited,Capital Goods,GMMPFAUDLR,EQ,Capital Goods,GMMPFAUDLR.NS,#N/A
GMR Airports Ltd.,Services,GMRAIRPORT,EQ,Services,GMRAIRPORT.NS,F&O
Gujarat Narmada Valley Fertilizers and Chemicals Limited,Chemicals,GNFC,EQ,Chemicals,GNFC.NS,#N/A
Go Fashion (India) Limited,Consumer Services,GOCOLORS,EQ,Consumer Services,GOCOLORS.NS,#N/A
Godfrey Phillips India Limited,Fast Moving Consumer Goods,GODFRYPHLP,EQ,Fast Moving Consumer Goods,GODFRYPHLP.NS,F&O
Go Digit General Insurance Ltd.,Financial Services,GODIGIT,EQ,Financial Services,GODIGIT.NS,#N/A
Godrej Agrovet Limited,Fast Moving Consumer Goods,GODREJAGRO,EQ,Fast Moving Consumer Goods,GODREJAGRO.NS,#N/A
Godrej Consumer Products Ltd.,Fast Moving Consumer Goods,GODREJCP,EQ,Fast Moving Consumer Goods,GODREJCP.NS,F&O
Godrej Industries Limited,Diversified,GODREJIND,EQ,Diversified,GODREJIND.NS,#N/A
Godrej Properties Limited,Realty,GODREJPROP,EQ,Realty,GODREJPROP.NS,F&O
Gokaldas Exports Limited,Textiles,GOKEX,EQ,Textiles,GOKEX.NS,#N/A
Godawari Power And Ispat limited,Capital Goods,GPIL,EQ,Capital Goods,GPIL.NS,#N/A
Gujarat Pipavav Port Limited,Services,GPPL,EQ,Services,GPPL.NS,#N/A
Granules India Limited,Healthcare,GRANULES,EQ,Healthcare,GRANULES.NS,#N/A
Graphite India Limited,Capital Goods,GRAPHITE,EQ,Capital Goods,GRAPHITE.NS,#N/A
Grasim Industries Limited,Construction Materials,GRASIM,EQ,Construction Materials,GRASIM.NS,F&O
Gravita India Limited,Metals & Mining,GRAVITA,EQ,Metals & Mining,GRAVITA.NS,#N/A
Greenlam Industries Limited,Consumer Durables,GREENLAM,EQ,Consumer Durables,GREENLAM.NS,#N/A
Greenpanel Industries Limited,Consumer Durables,GREENPANEL,EQ,Consumer Durables,GREENPANEL.NS,#N/A
Grindwell Norton Limited,Capital Goods,GRINDWELL,EQ,Capital Goods,GRINDWELL.NS,#N/A
G R Infraprojects Limited,Construction,GRINFRA,EQ,Construction,GRINFRA.NS,#N/A
Garden Reach Shipbuilders & Engineers Limited,Capital Goods,GRSE,EQ,Capital Goods,GRSE.NS,#N/A
Garware Hi-Tech Films Limited,Capital Goods,GRWRHITECH,EQ,Capital Goods,GRWRHITECH.NS,#N/A
Gujarat State Fertilizers & Chemicals Limited,Chemicals,GSFC,EQ,Chemicals,GSFC.NS,#N/A
Gujarat State Petronet Limited,"Oil, Gas & Consumable Fuels",GSPL,EQ,"Oil, Gas & Consumable Fuels",GSPL.NS,#N/A
Gujarat Alkalies and Chemicals Limited,Chemicals,GUJALKALI,EQ,Chemicals,GUJALKALI.NS,#N/A
Gujarat Gas Limited,"Oil, Gas & Consumable Fuels",GUJGASLTD,EQ,"Oil, Gas & Consumable Fuels",GUJGASLTD.NS,#N/A
Gulf Oil Lubricants India Limited,"Oil, Gas & Consumable Fuels",GULFOILLUB,EQ,"Oil, Gas & Consumable Fuels",GULFOILLUB.NS,#N/A
GE Vernova T&D India Ltd.,Capital Goods,GVT&D,EQ,Capital Goods,GVT&D.NS,#N/A
Hindustan Aeronautics Limited,Capital Goods,HAL,EQ,Capital Goods,HAL.NS,F&O
Happiest Minds Technologies Limited,Information Technology,HAPPSTMNDS,EQ,Information Technology,HAPPSTMNDS.NS,#N/A
Harsha Engineers International Limited,Capital Goods,HARSHA,EQ,Capital Goods,HARSHA.NS,#N/A
Hathway Cable & Datacom Limited,"Media, Entertainment & Publication",HATHWAY,EQ,"Media, Entertainment & Publication",HATHWAY.NS,#N/A
Hatsun Agro Product Limited,Fast Moving Consumer Goods,HATSUN,EQ,Fast Moving Consumer Goods,HATSUN.NS,#N/A
Havells India Limited,Consumer Durables,HAVELLS,EQ,Consumer Durables,HAVELLS.NS,F&O
HBL Engineering Ltd.,Capital Goods,HBLENGINE,EQ,Capital Goods,HBLENGINE.NS,#N/A
Hindustan Construction Company Limited,Construction,HCC,EQ,Construction,HCC.NS,#N/A
Healthcare Global Enterprises Limited,Healthcare,HCG,EQ,Healthcare,HCG.NS,#N/A
HCL Technologies Limited,Information Technology,HCLTECH,EQ,Information Technology,HCLTECH.NS,F&O
HDFC Asset Management Company Limited,Financial Services,HDFCAMC,EQ,Financial Services,HDFCAMC.NS,F&O
HDFC Bank Limited,Financial Services,HDFCBANK,EQ,Financial Services,HDFCBANK.NS,F&O
HDFC Life Insurance Company Limited,Financial Services,HDFCLIFE,EQ,Financial Services,HDFCLIFE.NS,F&O
HEG Limited,Capital Goods,HEG,EQ,Capital Goods,HEG.NS,#N/A
HeidelbergCement India Limited,Construction Materials,HEIDELBERG,EQ,Construction Materials,HEIDELBERG.NS,#N/A
Hemisphere Properties India Limited,Realty,HEMIPROP,EQ,Realty,HEMIPROP.NS,#N/A
Hero MotoCorp Limited,Automobile and Auto Components,HEROMOTOCO,EQ,Automobile and Auto Components,HEROMOTOCO.NS,F&O
Hexaware Technologies Ltd.,Information Technology,HEXT,EQ,Information Technology,HEXT.NS,#N/A
HFCL Limited,Telecommunication,HFCL,EQ,Telecommunication,HFCL.NS,#N/A
H.G. Infra Engineering Limited,Construction,HGINFRA,EQ,Construction,HGINFRA.NS,#N/A
Hinduja Global Solutions Limited,Services,HGS,EQ,Services,HGS.NS,#N/A
Hikal Limited,Healthcare,HIKAL,EQ,Healthcare,HIKAL.NS,#N/A
Hindalco Industries Limited,Metals & Mining,HINDALCO,EQ,Metals & Mining,HINDALCO.NS,F&O
Hindustan Copper Ltd.,Metals & Mining,HINDCOPPER,EQ,Metals & Mining,HINDCOPPER.NS,#N/A
Hindustan Petroleum Corporation Limited,"Oil, Gas & Consumable Fuels",HINDPETRO,EQ,"Oil, Gas & Consumable Fuels",HINDPETRO.NS,F&O
Hindustan Unilever Limited,Fast Moving Consumer Goods,HINDUNILVR,EQ,Fast Moving Consumer Goods,HINDUNILVR.NS,F&O
Hindware Home Innovation Limited,Consumer Durables,HINDWAREAP,EQ,Consumer Durables,HINDWAREAP.NS,#N/A
Hindustan Zinc Limited,Metals & Mining,HINDZINC,EQ,Metals & Mining,HINDZINC.NS,F&O
HLE Glascoat Limited,Capital Goods,HLEGLAS,EQ,Capital Goods,HLEGLAS.NS,#N/A
Hindustan Foods Limited,Fast Moving Consumer Goods,HNDFDS,EQ,Fast Moving Consumer Goods,HNDFDS.NS,#N/A
Home First Finance Company India Limited,Financial Services,HOMEFIRST,EQ,Financial Services,HOMEFIRST.NS,#N/A
Honasa Consumer Ltd.,Fast Moving Consumer Goods,HONASA,EQ,Fast Moving Consumer Goods,HONASA.NS,#N/A
Honeywell Automation India Limited,Capital Goods,HONAUT,EQ,Capital Goods,HONAUT.NS,#N/A
Himadri Speciality Chemical Limited,Chemicals,HSCL,EQ,Chemicals,HSCL.NS,#N/A
Housing & Urban Development Corporation Limited,Financial Services,HUDCO,EQ,Financial Services,HUDCO.NS,#N/A
Hyundai Motor India Ltd.,Automobile and Auto Components,HYUNDAI,EQ,Automobile and Auto Components,HYUNDAI.NS,F&O
ICICI Bank Limited,Financial Services,ICICIBANK,EQ,Financial Services,ICICIBANK.NS,F&O
ICICI Lombard General Insurance Company Limited,Financial Services,ICICIGI,EQ,Financial Services,ICICIGI.NS,F&O
ICICI Prudential Life Insurance Company Limited,Financial Services,ICICIPRULI,EQ,Financial Services,ICICIPRULI.NS,F&O
Indo Count Industries Limited,Textiles,ICIL,EQ,Textiles,ICIL.NS,#N/A
ICRA Limited,Financial Services,ICRA,EQ,Financial Services,ICRA.NS,#N/A
IDBI Bank Limited,Financial Services,IDBI,EQ,Financial Services,IDBI.NS,#N/A
Vodafone Idea Limited,Telecommunication,IDEA,EQ,Telecommunication,IDEA.NS,F&O
IDFC First Bank Limited,Financial Services,IDFCFIRSTB,EQ,Financial Services,IDFCFIRSTB.NS,F&O
Indian Energy Exchange Limited,Financial Services,IEX,EQ,Financial Services,IEX.NS,F&O
IFB Industries Limited,Consumer Durables,IFBIND,EQ,Consumer Durables,IFBIND.NS,#N/A
IFCI Limited,Financial Services,IFCI,EQ,Financial Services,IFCI.NS,#N/A
International Gemmological Institute (India) Ltd.,Services,IGIL,EQ,Services,IGIL.NS,#N/A
Indraprastha Gas Limited,"Oil, Gas & Consumable Fuels",IGL,EQ,"Oil, Gas & Consumable Fuels",IGL.NS,#N/A
IIFL Finance Limited,Financial Services,IIFL,EQ,Financial Services,IIFL.NS,#N/A
Inventurus Knowledge Solutions Ltd.,Information Technology,IKS,EQ,Information Technology,IKS.NS,#N/A
Imagicaaworld Entertainment Limited,Consumer Services,IMAGICAA,EQ,Consumer Services,IMAGICAA.NS,#N/A
Indian Metals & Ferro Alloys Limited,Metals & Mining,IMFA,EQ,Metals & Mining,IMFA.NS,#N/A
Indegene Ltd.,Healthcare,INDGN,EQ,Healthcare,INDGN.NS,#N/A
The Indian Hotels Company Limited,Consumer Services,INDHOTEL,EQ,Consumer Services,INDHOTEL.NS,F&O
The India Cements Limited,Construction Materials,INDIACEM,EQ,Construction Materials,INDIACEM.NS,#N/A
Indiamart Intermesh Limited,Consumer Services,INDIAMART,EQ,Consumer Services,INDIAMART.NS,#N/A
Indian Bank,Financial Services,INDIANB,EQ,Financial Services,INDIANB.NS,F&O
InterGlobe Aviation Limited,Services,INDIGO,EQ,Services,INDIGO.NS,F&O
Indigo Paints Limited,Consumer Durables,INDIGOPNTS,EQ,Consumer Durables,INDIGOPNTS.NS,#N/A
IndusInd Bank Ltd.,Financial Services,INDUSINDBK,EQ,Financial Services,INDUSINDBK.NS,F&O
Indus Towers Limited,Telecommunication,INDUSTOWER,EQ,Telecommunication,INDUSTOWER.NS,F&O
Infosys Limited,Information Technology,INFY,EQ,Information Technology,INFY.NS,F&O
Ingersoll Rand (India) Limited,Capital Goods,INGERRAND,EQ,Capital Goods,INGERRAND.NS,#N/A
INOX India Ltd.,Capital Goods,INOXINDIA,EQ,Capital Goods,INOXINDIA.NS,#N/A
Inox Wind Limited,Capital Goods,INOXWIND,EQ,Capital Goods,INOXWIND.NS,F&O
Intellect Design Arena Limited,Information Technology,INTELLECT,EQ,Information Technology,INTELLECT.NS,#N/A
Indian Overseas Bank,Financial Services,IOB,EQ,Financial Services,IOB.NS,#N/A
Indian Oil Corporation Ltd.,"Oil, Gas & Consumable Fuels",IOC,EQ,"Oil, Gas & Consumable Fuels",IOC.NS,F&O
ION Exchange (India) Limited,Construction,IONEXCHANG,EQ,Construction,IONEXCHANG.NS,#N/A
IPCA Laboratories Limited,Healthcare,IPCALAB,EQ,Healthcare,IPCALAB.NS,#N/A
IRB Infrastructure Developers Limited,Construction,IRB,EQ,Construction,IRB.NS,#N/A
Ircon International Limited,Construction,IRCON,EQ,Construction,IRCON.NS,#N/A
Indian Railway Catering And Tourism Corporation Ltd.,Consumer Services,IRCTC,EQ,Consumer Services,IRCTC.NS,#N/A
Indian Renewable Energy Development Agency Ltd.,Financial Services,IREDA,EQ,Financial Services,IREDA.NS,F&O
Indian Railway Finance Corporation Limited,Financial Services,IRFC,EQ,Financial Services,IRFC.NS,F&O
Isgec Heavy Engineering Limited,Construction,ISGEC,EQ,Construction,ISGEC.NS,#N/A
ITC Limited,Fast Moving Consumer Goods,ITC,EQ,Fast Moving Consumer Goods,ITC.NS,F&O
ITC Hotels Ltd.,Consumer Services,ITCHOTELS,EQ,Consumer Services,ITCHOTELS.NS,#N/A
India Tourism Development Corporation Limited,Consumer Services,ITDC,EQ,Consumer Services,ITDC.NS,#N/A
ITI Limited,Telecommunication,ITI,EQ,Telecommunication,ITI.NS,#N/A
The Jammu & Kashmir Bank Limited,Financial Services,J&KBANK,EQ,Financial Services,J&KBANK.NS,#N/A
Jai Corp Limited,Capital Goods,JAICORPLTD,EQ,Capital Goods,JAICORPLTD.NS,#N/A
Jamna Auto Industries Limited,Automobile and Auto Components,JAMNAAUTO,EQ,Automobile and Auto Components,JAMNAAUTO.NS,#N/A
Jayaswal Neco Industries Limited,Capital Goods,JAYNECOIND,EQ,Capital Goods,JAYNECOIND.NS,#N/A
JB Chemicals & Pharmaceuticals Limited,Healthcare,JBCHEPHARM,EQ,Healthcare,JBCHEPHARM.NS,#N/A
JBM Auto Ltd.,Automobile and Auto Components,JBMA,EQ,Automobile and Auto Components,JBMA.NS,#N/A
Jindal Saw Limited,Capital Goods,JINDALSAW,EQ,Capital Goods,JINDALSAW.NS,#N/A
Jindal Steel & Power Limited,Metals & Mining,JINDALSTEL,EQ,Metals & Mining,JINDALSTEL.NS,F&O
Jindal Worldwide Limited,Textiles,JINDWORLD,EQ,Textiles,JINDWORLD.NS,#N/A
Jio Financial Services Limited,Financial Services,JIOFIN,EQ,Financial Services,JIOFIN.NS,F&O
Jain Irrigation Systems Limited,Capital Goods,JISLJALEQS,EQ,Capital Goods,JISLJALEQS.NS,#N/A
J.K. Cement Ltd.,Construction Materials,JKCEMENT,EQ,Construction Materials,JKCEMENT.NS,#N/A
J.Kumar Infraprojects Limited,Construction,JKIL,EQ,Construction,JKIL.NS,#N/A
JK Lakshmi Cement Limited,Construction Materials,JKLAKSHMI,EQ,Construction Materials,JKLAKSHMI.NS,#N/A
JK Paper Limited,Forest Materials,JKPAPER,EQ,Forest Materials,JKPAPER.NS,#N/A
JK Tyre & Industries Limited,Automobile and Auto Components,JKTYRE,EQ,Automobile and Auto Components,JKTYRE.NS,#N/A
Jupiter Life Line Hospitals Limited,Healthcare,JLHL,EQ,Healthcare,JLHL.NS,#N/A
JM Financial Limited,Financial Services,JMFINANCIL,EQ,Financial Services,JMFINANCIL.NS,#N/A
Jaiprakash Power Ventures Limited,Power,JPPOWER,EQ,Power,JPPOWER.NS,#N/A
Jindal Stainless Limited,Metals & Mining,JSL,EQ,Metals & Mining,JSL.NS,#N/A
JSW Cement Ltd.,Construction Materials,JSWCEMENT,EQ,Construction Materials,JSWCEMENT.NS,#N/A
JSW Energy Limited,Power,JSWENERGY,EQ,Power,JSWENERGY.NS,F&O
JSW Holdings Limited,Financial Services,JSWHL,EQ,Financial Services,JSWHL.NS,#N/A
JSW Infrastructure Ltd.,Services,JSWINFRA,EQ,Services,JSWINFRA.NS,#N/A
JSW Steel Limited,Metals & Mining,JSWSTEEL,EQ,Metals & Mining,JSWSTEEL.NS,F&O
JTL INDUSTRIES LIMITED,Capital Goods,JTLIND,EQ,Capital Goods,JTLIND.NS,#N/A
Jubilant Foodworks Limited,Consumer Services,JUBLFOOD,EQ,Consumer Services,JUBLFOOD.NS,F&O
Jubilant Ingrevia Limited,Chemicals,JUBLINGREA,EQ,Chemicals,JUBLINGREA.NS,#N/A
Jubilant Pharmova Limited,Healthcare,JUBLPHARMA,EQ,Healthcare,JUBLPHARMA.NS,#N/A
Just Dial Limited,Consumer Services,JUSTDIAL,EQ,Consumer Services,JUSTDIAL.NS,#N/A
Jupiter Wagons Limited,Capital Goods,JWL,EQ,Capital Goods,JWL.NS,#N/A
Jyothy Labs Limited,Fast Moving Consumer Goods,JYOTHYLAB,EQ,Fast Moving Consumer Goods,JYOTHYLAB.NS,#N/A
Jyoti CNC Automation Ltd.,Capital Goods,JYOTICNC,EQ,Capital Goods,JYOTICNC.NS,#N/A
Kajaria Ceramics Limited,Consumer Durables,KAJARIACER,EQ,Consumer Durables,KAJARIACER.NS,#N/A
Kalyan Jewellers India Limited,Consumer Durables,KALYANKJIL,EQ,Consumer Durables,KALYANKJIL.NS,F&O
Kansai Nerolac Paints Limited,Consumer Durables,KANSAINER,EQ,Consumer Durables,KANSAINER.NS,#N/A
Karur Vysya Bank Limited,Financial Services,KARURVYSYA,EQ,Financial Services,KARURVYSYA.NS,#N/A
Kaynes Technology India Limited,Capital Goods,KAYNES,EQ,Capital Goods,KAYNES.NS,F&O
KDDL Limited,Consumer Durables,KDDL,EQ,Consumer Durables,KDDL.NS,#N/A
KEC International Limited,Capital Goods,KEC,EQ,Capital Goods,KEC.NS,#N/A
KEI Industries Limited,Capital Goods,KEI,EQ,Capital Goods,KEI.NS,F&O
Kfin Technologies Limited,Financial Services,KFINTECH,EQ,Financial Services,KFINTECH.NS,F&O
Krishna Institute of Medical Sciences Limited,Healthcare,KIMS,EQ,Healthcare,KIMS.NS,#N/A
Kirloskar Brothers Limited,Capital Goods,KIRLOSBROS,EQ,Capital Goods,KIRLOSBROS.NS,#N/A
Kirloskar Oil Engines Limited,Capital Goods,KIRLOSENG,EQ,Capital Goods,KIRLOSENG.NS,#N/A
Kirloskar Industries Limited,Capital Goods,KIRLOSIND,EQ,Capital Goods,KIRLOSIND.NS,#N/A
Kewal Kiran Clothing Limited,Textiles,KKCL,EQ,Textiles,KKCL.NS,#N/A
KNR Constructions Limited,Construction,KNRCON,EQ,Construction,KNRCON.NS,#N/A
Kolte - Patil Developers Limited,Realty,KOLTEPATIL,EQ,Realty,KOLTEPATIL.NS,#N/A
Kotak Mahindra Bank Limited,Financial Services,KOTAKBANK,EQ,Financial Services,KOTAKBANK.NS,F&O
KPI Green Energy Limited,Power,KPIGREEN,EQ,Power,KPIGREEN.NS,#N/A
Kalpataru Projects International Limited,Construction,KPIL,EQ,Construction,KPIL.NS,#N/A
KPIT Technologies Limited,Information Technology,KPITTECH,EQ,Information Technology,KPITTECH.NS,F&O
K.P.R. Mill Ltd.,Textiles,KPRMILL,EQ,Textiles,KPRMILL.NS,#N/A
KRBL Limited,Fast Moving Consumer Goods,KRBL,EQ,Fast Moving Consumer Goods,KRBL.NS,#N/A
Ksb Limited,Capital Goods,KSB,EQ,Capital Goods,KSB.NS,#N/A
Kaveri Seed Company Limited,Fast Moving Consumer Goods,KSCL,EQ,Fast Moving Consumer Goods,KSCL.NS,#N/A
Kalyani Steels Limited,Capital Goods,KSL,EQ,Capital Goods,KSL.NS,#N/A
The Karnataka Bank Limited,Financial Services,KTKBANK,EQ,Financial Services,KTKBANK.NS,#N/A
Dr. Lal Path Labs Ltd.,Healthcare,LALPATHLAB,EQ,Healthcare,LALPATHLAB.NS,#N/A
La Opala RG Limited,Consumer Durables,LAOPALA,EQ,Consumer Durables,LAOPALA.NS,#N/A
Latent View Analytics Limited,Information Technology,LATENTVIEW,EQ,Information Technology,LATENTVIEW.NS,#N/A
Laurus Labs Limited,Healthcare,LAURUSLABS,EQ,Healthcare,LAURUSLABS.NS,F&O
Lemon Tree Hotels Limited,Consumer Services,LEMONTREE,EQ,Consumer Services,LEMONTREE.NS,#N/A
LG Balakrishnan & Bros Limited,Automobile and Auto Components,LGBBROSLTD,EQ,Automobile and Auto Components,LGBBROSLTD.NS,#N/A
LIC Housing Finance Limited,Financial Services,LICHSGFIN,EQ,Financial Services,LICHSGFIN.NS,F&O
Life Insurance Corporation Of India,Financial Services,LICI,EQ,Financial Services,LICI.NS,F&O
Linde India Limited,Chemicals,LINDEINDIA,EQ,Chemicals,LINDEINDIA.NS,#N/A
Lloyds Metals And Energy Limited,Metals & Mining,LLOYDSME,EQ,Metals & Mining,LLOYDSME.NS,#N/A
Macrotech Developers Limited,Realty,LODHA,EQ,Realty,LODHA.NS,F&O
Larsen & Toubro Limited,Construction,LT,EQ,Construction,LT.NS,F&O
L&T Finance Ltd.,Financial Services,LTF,EQ,Financial Services,LTF.NS,F&O
LT Foods Ltd.,Fast Moving Consumer Goods,LTFOODS,EQ,Fast Moving Consumer Goods,LTFOODS.NS,#N/A
LTIMindtree Ltd.,Information Technology,LTM,EQ,Information Technology,LTM.NS,F&O
L&T Technology Services Ltd.,Information Technology,LTTS,EQ,Information Technology,LTTS.NS,#N/A
Lupin Limited,Healthcare,LUPIN,EQ,Healthcare,LUPIN.NS,F&O
Lux Industries Limited,Textiles,LUXIND,EQ,Textiles,LUXIND.NS,#N/A
Laxmi Organic Industries Limited,Chemicals,LXCHEM,EQ,Chemicals,LXCHEM.NS,#N/A
Mahindra & Mahindra Limited,Automobile and Auto Components,M&M,EQ,Automobile and Auto Components,M&M.NS,F&O
Mahindra & Mahindra Financial Services Limited,Financial Services,M&MFIN,EQ,Financial Services,M&MFIN.NS,#N/A
Bank of Maharashtra,Financial Services,MAHABANK,EQ,Financial Services,MAHABANK.NS,#N/A
Mahindra Lifespace Developers Limited,Realty,MAHLIFE,EQ,Realty,MAHLIFE.NS,#N/A
Maharashtra Scooters Limited,Financial Services,MAHSCOOTER,EQ,Financial Services,MAHSCOOTER.NS,#N/A
Maharashtra Seamless Limited,Capital Goods,MAHSEAMLES,EQ,Capital Goods,MAHSEAMLES.NS,#N/A
Manappuram Finance Limited,Financial Services,MANAPPURAM,EQ,Financial Services,MANAPPURAM.NS,F&O
Man Infraconstruction Limited,Construction,MANINFRA,EQ,Construction,MANINFRA.NS,#N/A
Mankind Pharma Limited,Healthcare,MANKIND,EQ,Healthcare,MANKIND.NS,F&O
Vedant Fashions Limited,Consumer Services,MANYAVAR,EQ,Consumer Services,MANYAVAR.NS,#N/A
C.E. Info Systems Limited,Information Technology,MAPMYINDIA,EQ,Information Technology,MAPMYINDIA.NS,#N/A
Marico Limited,Fast Moving Consumer Goods,MARICO,EQ,Fast Moving Consumer Goods,MARICO.NS,F&O
Marksans Pharma Limited,Healthcare,MARKSANS,EQ,Healthcare,MARKSANS.NS,#N/A
Maruti Suzuki India Limited,Automobile and Auto Components,MARUTI,EQ,Automobile and Auto Components,MARUTI.NS,F&O
MAS Financial Services Limited,Financial Services,MASFIN,EQ,Financial Services,MASFIN.NS,#N/A
Mastek Limited,Information Technology,MASTEK,EQ,Information Technology,MASTEK.NS,#N/A
Max Healthcare Institute Limited,Healthcare,MAXHEALTH,EQ,Healthcare,MAXHEALTH.NS,F&O
Mazagon Dock Shipbuilders Limited,Capital Goods,MAZDOCK,EQ,Capital Goods,MAZDOCK.NS,F&O
Multi Commodity Exchange of India Limited,Financial Services,MCX,EQ,Financial Services,MCX.NS,F&O
Global Health Limited,Healthcare,MEDANTA,EQ,Healthcare,MEDANTA.NS,#N/A
Medplus Health Services Limited,Consumer Services,MEDPLUS,EQ,Consumer Services,MEDPLUS.NS,#N/A
Metro Brands Limited,Consumer Durables,METROBRAND,EQ,Consumer Durables,METROBRAND.NS,#N/A
Metropolis Healthcare Limited,Healthcare,METROPOLIS,EQ,Healthcare,METROPOLIS.NS,#N/A
Max Financial Services Limited,Financial Services,MFSL,EQ,Financial Services,MFSL.NS,F&O
Mahanagar Gas Limited,"Oil, Gas & Consumable Fuels",MGL,EQ,"Oil, Gas & Consumable Fuels",MGL.NS,#N/A
Mahindra Holidays & Resorts India Limited,Consumer Services,MHRIL,EQ,Consumer Services,MHRIL.NS,#N/A
Mishra Dhatu Nigam Limited,Capital Goods,MIDHANI,EQ,Capital Goods,MIDHANI.NS,#N/A
Minda Corporation Limited,Automobile and Auto Components,MINDACORP,EQ,Automobile and Auto Components,MINDACORP.NS,#N/A
MMTC Limited,Services,MMTC,EQ,Services,MMTC.NS,#N/A
Samvardhana Motherson International Limited,Automobile and Auto Components,MOTHERSON,EQ,Automobile and Auto Components,MOTHERSON.NS,F&O
Motilal Oswal Financial Services Limited,Financial Services,MOTILALOFS,EQ,Financial Services,MOTILALOFS.NS,F&O
MphasiS Limited,Information Technology,MPHASIS,EQ,Information Technology,MPHASIS.NS,F&O
MRF Limited,Automobile and Auto Components,MRF,EQ,Automobile and Auto Components,MRF.NS,#N/A
Mangalore Refinery and Petrochemicals Limited,"Oil, Gas & Consumable Fuels",MRPL,EQ,"Oil, Gas & Consumable Fuels",MRPL.NS,#N/A
Mstc Limited,Services,MSTCLTD,EQ,Services,MSTCLTD.NS,#N/A
Motherson Sumi Wiring India Limited,Automobile and Auto Components,MSUMI,EQ,Automobile and Auto Components,MSUMI.NS,#N/A
Mtar Technologies Limited,Capital Goods,MTARTECH,EQ,Capital Goods,MTARTECH.NS,#N/A
Muthoot Finance Limited,Financial Services,MUTHOOTFIN,EQ,Financial Services,MUTHOOTFIN.NS,F&O
Nippon Life India Asset Management Limited,Financial Services,NAM-INDIA,EQ,Financial Services,NAM-INDIA.NS,F&O
Natco Pharma Limited,Healthcare,NATCOPHARM,EQ,Healthcare,NATCOPHARM.NS,#N/A
National Aluminium Company Limited,Metals & Mining,NATIONALUM,EQ,Metals & Mining,NATIONALUM.NS,F&O
Info Edge (India) Limited,Consumer Services,NAUKRI,EQ,Consumer Services,NAUKRI.NS,F&O
NAVA LIMITED,Power,NAVA,EQ,Power,NAVA.NS,#N/A
Navin Fluorine International Limited,Chemicals,NAVINFLUOR,EQ,Chemicals,NAVINFLUOR.NS,#N/A
Navneet Education Limited,"Media, Entertainment & Publication",NAVNETEDUL,EQ,"Media, Entertainment & Publication",NAVNETEDUL.NS,#N/A
Nazara Technologies Limited,"Media, Entertainment & Publication",NAZARA,EQ,"Media, Entertainment & Publication",NAZARA.NS,#N/A
NBCC (India) Ltd.,Construction,NBCC,EQ,Construction,NBCC.NS,F&O
NCC Limited,Construction,NCC,EQ,Construction,NCC.NS,#N/A
Neogen Chemicals Limited,Chemicals,NEOGEN,EQ,Chemicals,NEOGEN.NS,#N/A
Nesco Limited,Services,NESCO,EQ,Services,NESCO.NS,#N/A
Nestle India Limited,Fast Moving Consumer Goods,NESTLEIND,EQ,Fast Moving Consumer Goods,NESTLEIND.NS,F&O
Netweb Technologies India Limited,Information Technology,NETWEB,EQ,Information Technology,NETWEB.NS,#N/A
Network18 Media & Investments Limited,"Media, Entertainment & Publication",NETWORK18,EQ,"Media, Entertainment & Publication",NETWORK18.NS,#N/A
Neuland Laboratories Limited,Healthcare,NEULANDLAB,EQ,Healthcare,NEULANDLAB.NS,#N/A
Newgen Software Technologies Limited,Information Technology,NEWGEN,EQ,Information Technology,NEWGEN.NS,#N/A
National Fertilizers Limited,Chemicals,NFL,EQ,Chemicals,NFL.NS,#N/A
Narayana Hrudayalaya Ltd.,Healthcare,NH,EQ,Healthcare,NH.NS,#N/A
NHPC Limited,Power,NHPC,EQ,Power,NHPC.NS,F&O
The New India Assurance Company Limited,Financial Services,NIACL,EQ,Financial Services,NIACL.NS,#N/A
NIIT Learning Systems Limited,Consumer Services,NIITMTS,EQ,Consumer Services,NIITMTS.NS,#N/A
Niva Bupa Health Insurance Company Ltd.,Financial Services,NIVABUPA,EQ,Financial Services,NIVABUPA.NS,#N/A
NLC India Ltd.,Power,NLCINDIA,EQ,Power,NLCINDIA.NS,#N/A
NMDC Limited,Metals & Mining,NMDC,EQ,Metals & Mining,NMDC.NS,F&O
NOCIL Limited,Chemicals,NOCIL,EQ,Chemicals,NOCIL.NS,#N/A
NMDC Steel Limited,Metals & Mining,NSLNISP,EQ,Metals & Mining,NSLNISP.NS,#N/A
NTPC Limited,Power,NTPC,EQ,Power,NTPC.NS,F&O
NTPC Green Energy Ltd.,Power,NTPCGREEN,EQ,Power,NTPCGREEN.NS,#N/A
Nucleus Software Exports Limited,Information Technology,NUCLEUS,EQ,Information Technology,NUCLEUS.NS,#N/A
Nuvama Wealth Management Ltd.,Financial Services,NUVAMA,EQ,Financial Services,NUVAMA.NS,F&O
Nuvoco Vistas Corporation Limited,Construction Materials,NUVOCO,EQ,Construction Materials,NUVOCO.NS,#N/A
FSN E-Commerce Ventures Limited,Consumer Services,NYKAA,EQ,Consumer Services,NYKAA.NS,F&O
Oberoi Realty Limited,Realty,OBEROIRLTY,EQ,Realty,OBEROIRLTY.NS,F&O
Oracle Financial Services Software Limited,Information Technology,OFSS,EQ,Information Technology,OFSS.NS,F&O
Oil India Limited,"Oil, Gas & Consumable Fuels",OIL,EQ,"Oil, Gas & Consumable Fuels",OIL.NS,F&O
Ola Electric Mobility Ltd.,Automobile and Auto Components,OLAELEC,EQ,Automobile and Auto Components,OLAELEC.NS,#N/A
Olectra Greentech Limited,Automobile and Auto Components,OLECTRA,EQ,Automobile and Auto Components,OLECTRA.NS,#N/A
Onesource Specialty Pharma Ltd.,Healthcare,ONESOURCE,EQ,Healthcare,ONESOURCE.NS,#N/A
Oil & Natural Gas Corporation Limited,"Oil, Gas & Consumable Fuels",ONGC,EQ,"Oil, Gas & Consumable Fuels",ONGC.NS,F&O
Orient Electric Limited,Consumer Durables,ORIENTELEC,EQ,Consumer Durables,ORIENTELEC.NS,#N/A
The Orissa Minerals Development Company Limited,Metals & Mining,ORISSAMINE,EQ,Metals & Mining,ORISSAMINE.NS,#N/A
Page Industries Limited,Textiles,PAGEIND,EQ,Textiles,PAGEIND.NS,F&O
Paisalo Digital Limited,Financial Services,PAISALO,EQ,Financial Services,PAISALO.NS,#N/A
Paradeep Phosphates Limited,Chemicals,PARADEEP,EQ,Chemicals,PARADEEP.NS,#N/A
Patanjali Foods Ltd.,Fast Moving Consumer Goods,PATANJALI,EQ,Fast Moving Consumer Goods,PATANJALI.NS,F&O
Patel Engineering Limited,Construction,PATELENG,EQ,Construction,PATELENG.NS,#N/A
One 97 Communications Limited,Financial Services,PAYTM,EQ,Financial Services,PAYTM.NS,F&O
PCBL LIMITED,Chemicals,PCBL,EQ,Chemicals,PCBL.NS,#N/A
PDS Limited,Textiles,PDSL,EQ,Textiles,PDSL.NS,#N/A
Persistent Systems Limited,Information Technology,PERSISTENT,EQ,Information Technology,PERSISTENT.NS,F&O
Petronet LNG Limited,"Oil, Gas & Consumable Fuels",PETRONET,EQ,"Oil, Gas & Consumable Fuels",PETRONET.NS,F&O
Power Finance Corporation Limited,Financial Services,PFC,EQ,Financial Services,PFC.NS,F&O
Pfizer Limited,Healthcare,PFIZER,EQ,Healthcare,PFIZER.NS,#N/A
PG Electroplast Limited,Consumer Durables,PGEL,EQ,Consumer Durables,PGEL.NS,F&O
Procter & Gamble Hygiene and Health Care Limited,Fast Moving Consumer Goods,PGHH,EQ,Fast Moving Consumer Goods,PGHH.NS,#N/A
The Phoenix Mills Limited,Realty,PHOENIXLTD,EQ,Realty,PHOENIXLTD.NS,F&O
Pidilite Industries Limited,Chemicals,PIDILITIND,EQ,Chemicals,PIDILITIND.NS,F&O
PI Industries Limited,Chemicals,PIIND,EQ,Chemicals,PIIND.NS,F&O
Pilani Investment and Industries Corporation Limited,Financial Services,PILANIINVS,EQ,Financial Services,PILANIINVS.NS,#N/A
Punjab National Bank,Financial Services,PNB,EQ,Financial Services,PNB.NS,F&O
PNB Housing Finance Limited,Financial Services,PNBHOUSING,EQ,Financial Services,PNBHOUSING.NS,F&O
Pritish Nandy Communications Limited,"Media, Entertainment & Publication",PNC,EQ,"Media, Entertainment & Publication",PNC.NS,#N/A
PNC Infratech Limited,Construction,PNCINFRA,EQ,Construction,PNCINFRA.NS,#N/A
PB Fintech Limited,Financial Services,POLICYBZR,EQ,Financial Services,POLICYBZR.NS,F&O
Polycab India Limited,Capital Goods,POLYCAB,EQ,Capital Goods,POLYCAB.NS,F&O
Poly Medicure Limited,Healthcare,POLYMED,EQ,Healthcare,POLYMED.NS,#N/A
Poonawalla Fincorp Limited,Financial Services,POONAWALLA,EQ,Financial Services,POONAWALLA.NS,#N/A
Power Grid Corporation of India Limited,Power,POWERGRID,EQ,Power,POWERGRID.NS,F&O
Hitachi Energy India Limited,Capital Goods,POWERINDIA,EQ,Capital Goods,POWERINDIA.NS,F&O
Power Mech Projects Limited,Construction,POWERMECH,EQ,Construction,POWERMECH.NS,#N/A
Piramal Pharma Ltd.,Healthcare,PPLPHARMA,EQ,Healthcare,PPLPHARMA.NS,#N/A
Praj Industries Limited,Capital Goods,PRAJIND,EQ,Capital Goods,PRAJIND.NS,#N/A
Premier Energies Ltd.,Capital Goods,PREMIERENE,EQ,Capital Goods,PREMIERENE.NS,F&O
Prestige Estates Projects Ltd.,Realty,PRESTIGE,EQ,Realty,PRESTIGE.NS,F&O
Pricol Limited,Automobile and Auto Components,PRICOLLTD,EQ,Automobile and Auto Components,PRICOLLTD.NS,#N/A
Prince Pipes And Fittings Limited,Capital Goods,PRINCEPIPE,EQ,Capital Goods,PRINCEPIPE.NS,#N/A
Privi Speciality Chemicals Limited,Chemicals,PRIVISCL,EQ,Chemicals,PRIVISCL.NS,#N/A
Prism Johnson Limited,Construction Materials,PRSMJOHNSN,EQ,Construction Materials,PRSMJOHNSN.NS,#N/A
Prudent Corporate Advisory Services Limited,Financial Services,PRUDENT,EQ,Financial Services,PRUDENT.NS,#N/A
Punjab & Sind Bank,Financial Services,PSB,EQ,Financial Services,PSB.NS,#N/A
PTC Industries Limited,Capital Goods,PTCIL,EQ,Capital Goods,PTCIL.NS,#N/A
Puravankara Limited,Realty,PURVA,EQ,Realty,PURVA.NS,#N/A
PVR INOX Limited,"Media, Entertainment & Publication",PVRINOX,EQ,"Media, Entertainment & Publication",PVRINOX.NS,#N/A
Quess Corp Limited,Services,QUESS,EQ,Services,QUESS.NS,#N/A
Race Eco Chain Limited,Utilities,RACE,EQ,Utilities,RACE.NS,#N/A
Radico Khaitan Limited,Fast Moving Consumer Goods,RADICO,EQ,Fast Moving Consumer Goods,RADICO.NS,#N/A
Railtel Corporation Of India Limited,Telecommunication,RAILTEL,EQ,Telecommunication,RAILTEL.NS,#N/A
Rain Industries Limited,Chemicals,RAIN,EQ,Chemicals,RAIN.NS,#N/A
Rainbow Childrens Medicare Limited,Healthcare,RAINBOW,EQ,Healthcare,RAINBOW.NS,#N/A
Rajesh Exports Limited,Consumer Durables,RAJESHEXPO,EQ,Consumer Durables,RAJESHEXPO.NS,#N/A
Rajratan Global Wire Limited,Automobile and Auto Components,RAJRATAN,EQ,Automobile and Auto Components,RAJRATAN.NS,#N/A
Rallis India Limited,Chemicals,RALLIS,EQ,Chemicals,RALLIS.NS,#N/A
The Ramco Cements Limited,Construction Materials,RAMCOCEM,EQ,Construction Materials,RAMCOCEM.NS,#N/A
Ramky Infrastructure Limited,Construction,RAMKY,EQ,Construction,RAMKY.NS,#N/A
Rategain Travel Technologies Limited,Information Technology,RATEGAIN,EQ,Information Technology,RATEGAIN.NS,#N/A
Ratnamani Metals & Tubes Limited,Capital Goods,RATNAMANI,EQ,Capital Goods,RATNAMANI.NS,#N/A
Raymond Limited,Textiles,RAYMOND,EQ,Textiles,RAYMOND.NS,#N/A
Restaurant Brands Asia Limited,Consumer Services,RBA,EQ,Consumer Services,RBA.NS,#N/A
RBL Bank Limited,Financial Services,RBLBANK,EQ,Financial Services,RBLBANK.NS,F&O
Rashtriya Chemicals and Fertilizers Limited,Chemicals,RCF,EQ,Chemicals,RCF.NS,#N/A
REC Limited,Financial Services,RECLTD,EQ,Financial Services,RECLTD.NS,F&O
Redington Limited,Services,REDINGTON,EQ,Services,REDINGTON.NS,#N/A
Redtape Limited,Consumer Durables,REDTAPE,EQ,Consumer Durables,REDTAPE.NS,#N/A
Relaxo Footwears Limited,Consumer Durables,RELAXO,EQ,Consumer Durables,RELAXO.NS,#N/A
Reliance Industries Limited,"Oil, Gas & Consumable Fuels",RELIANCE,EQ,"Oil, Gas & Consumable Fuels",RELIANCE.NS,F&O
Religare Enterprises Limited,Financial Services,RELIGARE,EQ,Financial Services,RELIGARE.NS,#N/A
Reliance Infrastructure Ltd.,Power,RELINFRA,BE,Power,RELINFRA.NS,#N/A
Shree Renuka Sugars Limited,Fast Moving Consumer Goods,RENUKA,EQ,Fast Moving Consumer Goods,RENUKA.NS,#N/A
Responsive Industries Limited,Consumer Durables,RESPONIND,EQ,Consumer Durables,RESPONIND.NS,#N/A
RHI MAGNESITA INDIA LIMITED,Capital Goods,RHIM,EQ,Capital Goods,RHIM.NS,#N/A
RITES Limited,Construction,RITES,EQ,Construction,RITES.NS,#N/A
Ramkrishna Forgings Limited,Capital Goods,RKFORGE,EQ,Capital Goods,RKFORGE.NS,#N/A
Rolex Rings Limited,Automobile and Auto Components,ROLEXRINGS,EQ,Automobile and Auto Components,ROLEXRINGS.NS,#N/A
Rossari Biotech Limited,Chemicals,ROSSARI,EQ,Chemicals,ROSSARI.NS,#N/A
ROUTE MOBILE LIMITED,Telecommunication,ROUTE,EQ,Telecommunication,ROUTE.NS,#N/A
Reliance Power Limited,Power,RPOWER,EQ,Power,RPOWER.NS,#N/A
R R Kabel Limited,Capital Goods,RRKABEL,EQ,Capital Goods,RRKABEL.NS,#N/A
R Systems International Limited,Information Technology,RSYSTEMS,EQ,Information Technology,RSYSTEMS.NS,#N/A
RattanIndia Enterprises Limited,Services,RTNINDIA,EQ,Services,RTNINDIA.NS,#N/A
RattanIndia Power Limited,Power,RTNPOWER,EQ,Power,RTNPOWER.NS,#N/A
Keystone Realtors Limited,Realty,RUSTOMJEE,EQ,Realty,RUSTOMJEE.NS,#N/A
Rail Vikas Nigam Limited,Construction,RVNL,EQ,Construction,RVNL.NS,F&O
Safari Industries (India) Limited,Consumer Durables,SAFARI,EQ,Consumer Durables,SAFARI.NS,#N/A
Sagility Ltd.,Information Technology,SAGILITY,EQ,Information Technology,SAGILITY.NS,#N/A
Steel Authority of India Limited,Metals & Mining,SAIL,EQ,Metals & Mining,SAIL.NS,F&O
Sai Life Sciences Ltd.,Healthcare,SAILIFE,EQ,Healthcare,SAILIFE.NS,#N/A
Saksoft Limited,Information Technology,SAKSOFT,EQ,Information Technology,SAKSOFT.NS,#N/A
Salasar Techno Engineering Limited,Capital Goods,SALASAR,EQ,Capital Goods,SALASAR.NS,#N/A
Samhi Hotels Limited,Consumer Services,SAMHI,EQ,Consumer Services,SAMHI.NS,#N/A
Sammaan Capital Ltd.,Financial Services,SAMMAANCAP,EQ,Financial Services,SAMMAANCAP.NS,F&O
Sandur Manganese & Iron Ores Limited,"Oil, Gas & Consumable Fuels",SANDUMA,EQ,"Oil, Gas & Consumable Fuels",SANDUMA.NS,#N/A
Sanghvi Movers Limited,Capital Goods,SANGHVIMOV,EQ,Capital Goods,SANGHVIMOV.NS,#N/A
Sanofi India Limited,Healthcare,SANOFI,EQ,Healthcare,SANOFI.NS,#N/A
Sansera Engineering Limited,Automobile and Auto Components,SANSERA,EQ,Automobile and Auto Components,SANSERA.NS,#N/A
Sapphire Foods India Limited,Consumer Services,SAPPHIRE,EQ,Consumer Services,SAPPHIRE.NS,#N/A
Sarda Energy & Minerals Limited,Metals & Mining,SARDAEN,EQ,Metals & Mining,SARDAEN.NS,#N/A
Saregama India Limited,"Media, Entertainment & Publication",SAREGAMA,EQ,"Media, Entertainment & Publication",SAREGAMA.NS,#N/A
SBFC Finance Limited,Financial Services,SBFC,EQ,Financial Services,SBFC.NS,#N/A
SBI Cards and Payment Services Limited,Financial Services,SBICARD,EQ,Financial Services,SBICARD.NS,F&O
SBI Life Insurance Company Limited,Financial Services,SBILIFE,EQ,Financial Services,SBILIFE.NS,F&O
State Bank of India,Financial Services,SBIN,EQ,Financial Services,SBIN.NS,F&O
Schaeffler India Limited,Automobile and Auto Components,SCHAEFFLER,EQ,Automobile and Auto Components,SCHAEFFLER.NS,#N/A
Schneider Electric Infrastructure Limited,Capital Goods,SCHNEIDER,EQ,Capital Goods,SCHNEIDER.NS,#N/A
Shipping Corporation Of India Limited,Services,SCI,EQ,Services,SCI.NS,#N/A
Senco Gold Limited,Consumer Durables,SENCO,EQ,Consumer Durables,SENCO.NS,#N/A
Sheela Foam Limited,Consumer Durables,SFL,EQ,Consumer Durables,SFL.NS,#N/A
Shanthi Gears Limited,Capital Goods,SHANTIGEAR,EQ,Capital Goods,SHANTIGEAR.NS,#N/A
Sharda Cropchem Limited,Chemicals,SHARDACROP,EQ,Chemicals,SHARDACROP.NS,#N/A
Sharda Motor Industries Limited,Automobile and Auto Components,SHARDAMOTR,EQ,Automobile and Auto Components,SHARDAMOTR.NS,#N/A
Share India Securities Limited,Financial Services,SHAREINDIA,EQ,Financial Services,SHAREINDIA.NS,#N/A
Shilpa Medicare Limited,Healthcare,SHILPAMED,EQ,Healthcare,SHILPAMED.NS,#N/A
Shoppers Stop Limited,Consumer Services,SHOPERSTOP,EQ,Consumer Services,SHOPERSTOP.NS,#N/A
SHREE CEMENT LIMITED,Construction Materials,SHREECEM,EQ,Construction Materials,SHREECEM.NS,F&O
Shriram Finance Ltd.,Financial Services,SHRIRAMFIN,EQ,Financial Services,SHRIRAMFIN.NS,F&O
Shyam Metalics and Energy Limited,Metals & Mining,SHYAMMETL,EQ,Metals & Mining,SHYAMMETL.NS,#N/A
Siemens Ltd.,Capital Goods,SIEMENS,EQ,Capital Goods,SIEMENS.NS,F&O
Signatureglobal (India) Ltd.,Realty,SIGNATURE,EQ,Realty,SIGNATURE.NS,#N/A
SIS LIMITED,Services,SIS,EQ,Services,SIS.NS,#N/A
SJVN Limited,Power,SJVN,EQ,Power,SJVN.NS,#N/A
SKF India Limited,Capital Goods,SKFINDIA,EQ,Capital Goods,SKFINDIA.NS,#N/A
Skipper Limited,Capital Goods,SKIPPER,EQ,Capital Goods,SKIPPER.NS,#N/A
Sobha Limited,Realty,SOBHA,EQ,Realty,SOBHA.NS,#N/A
Solar Industries India Limited,Chemicals,SOLARINDS,EQ,Chemicals,SOLARINDS.NS,F&O
Sona BLW Precision Forgings Limited,Automobile and Auto Components,SONACOMS,EQ,Automobile and Auto Components,SONACOMS.NS,F&O
Sonata Software Limited,Information Technology,SONATSOFTW,EQ,Information Technology,SONATSOFTW.NS,#N/A
The South Indian Bank Limited,Financial Services,SOUTHBANK,EQ,Financial Services,SOUTHBANK.NS,#N/A
Spandana Sphoorty Financial Limited,Financial Services,SPANDANA,EQ,Financial Services,SPANDANA.NS,#N/A
Sun Pharma Advanced Research Company Limited,Healthcare,SPARC,EQ,Healthcare,SPARC.NS,#N/A
Supreme Petrochem Limited,Chemicals,SPLPETRO,EQ,Chemicals,SPLPETRO.NS,#N/A
SRF Limited,Chemicals,SRF,EQ,Chemicals,SRF.NS,F&O
Steel Strips Wheels Limited,Automobile and Auto Components,SSWL,EQ,Automobile and Auto Components,SSWL.NS,#N/A
Strides Pharma Science Limited,Healthcare,STAR,EQ,Healthcare,STAR.NS,#N/A
Star Cement Limited,Construction Materials,STARCEMENT,EQ,Construction Materials,STARCEMENT.NS,#N/A
Star Health and Allied Insurance Company Limited,Financial Services,STARHEALTH,EQ,Financial Services,STARHEALTH.NS,#N/A
Sterlite Technologies Limited,Telecommunication,STLTECH,EQ,Telecommunication,STLTECH.NS,#N/A
Subros Limited,Automobile and Auto Components,SUBROS,EQ,Automobile and Auto Components,SUBROS.NS,#N/A
Sudarshan Chemical Industries Limited,Chemicals,SUDARSCHEM,EQ,Chemicals,SUDARSCHEM.NS,#N/A
Sula Vineyards Limited,Fast Moving Consumer Goods,SULA,EQ,Fast Moving Consumer Goods,SULA.NS,#N/A
Sumitomo Chemical India Limited,Chemicals,SUMICHEM,EQ,Chemicals,SUMICHEM.NS,#N/A
Sundaram Finance Limited,Financial Services,SUNDARMFIN,EQ,Financial Services,SUNDARMFIN.NS,#N/A
Sundram Fasteners Limited,Automobile and Auto Components,SUNDRMFAST,EQ,Automobile and Auto Components,SUNDRMFAST.NS,#N/A
Sunflag Iron And Steel Company Limited,Metals & Mining,SUNFLAG,EQ,Metals & Mining,SUNFLAG.NS,#N/A
Sun Pharmaceutical Industries Limited,Healthcare,SUNPHARMA,EQ,Healthcare,SUNPHARMA.NS,F&O
Sunteck Realty Limited,Realty,SUNTECK,EQ,Realty,SUNTECK.NS,#N/A
Sun TV Network Limited,"Media, Entertainment & Publication",SUNTV,EQ,"Media, Entertainment & Publication",SUNTV.NS,#N/A
Suprajit Engineering Limited,Automobile and Auto Components,SUPRAJIT,EQ,Automobile and Auto Components,SUPRAJIT.NS,#N/A
Supreme Industries Limited,Capital Goods,SUPREMEIND,EQ,Capital Goods,SUPREMEIND.NS,F&O
Surya Roshni Limited,Capital Goods,SURYAROSNI,EQ,Capital Goods,SURYAROSNI.NS,#N/A
Suzlon Energy Limited,Capital Goods,SUZLON,EQ,Capital Goods,SUZLON.NS,F&O
Swan Corp Ltd.,Chemicals,SWANCORP,EQ,Chemicals,SWANCORP.NS,#N/A
Swiggy Ltd.,Consumer Services,SWIGGY,EQ,Consumer Services,SWIGGY.NS,F&O
Symphony Limited,Consumer Durables,SYMPHONY,EQ,Consumer Durables,SYMPHONY.NS,#N/A
Syngene International Limited,Healthcare,SYNGENE,EQ,Healthcare,SYNGENE.NS,#N/A
Syrma SGS Technology Limited,Capital Goods,SYRMA,EQ,Capital Goods,SYRMA.NS,#N/A
Tanla Platforms Limited,Information Technology,TANLA,EQ,Information Technology,TANLA.NS,#N/A
TARC Limited,Realty,TARC,EQ,Realty,TARC.NS,#N/A
Transformers And Rectifiers (India) Ltd.,Capital Goods,TARIL,EQ,Capital Goods,TARIL.NS,#N/A
Tasty Bite Eatables Limited,Fast Moving Consumer Goods,TASTYBITE,EQ,Fast Moving Consumer Goods,TASTYBITE.NS,#N/A
Tata Chemicals Limited,Chemicals,TATACHEM,EQ,Chemicals,TATACHEM.NS,#N/A
Tata Communications Limited,Telecommunication,TATACOMM,EQ,Telecommunication,TATACOMM.NS,#N/A
TATA CONSUMER PRODUCTS LIMITED,Fast Moving Consumer Goods,TATACONSUM,EQ,Fast Moving Consumer Goods,TATACONSUM.NS,F&O
Tata Elxsi Limited,Information Technology,TATAELXSI,EQ,Information Technology,TATAELXSI.NS,F&O
Tata Investment Corporation Ltd.,Financial Services,TATAINVEST,EQ,Financial Services,TATAINVEST.NS,#N/A
Tata Power Company Limited,Power,TATAPOWER,EQ,Power,TATAPOWER.NS,F&O
Tata Steel Limited,Metals & Mining,TATASTEEL,EQ,Metals & Mining,TATASTEEL.NS,F&O
Tata Technologies Ltd.,Information Technology,TATATECH,EQ,Information Technology,TATATECH.NS,#N/A
Tatva Chintan Pharma Chem Limited,Chemicals,TATVA,EQ,Chemicals,TATVA.NS,#N/A
TBO Tek Ltd.,Consumer Services,TBOTEK,EQ,Consumer Services,TBOTEK.NS,#N/A
Transport Corporation of India Limited,Services,TCI,EQ,Services,TCI.NS,#N/A
TCI Express Limited,Services,TCIEXP,EQ,Services,TCIEXP.NS,#N/A
Tata Consultancy Services Limited,Information Technology,TCS,EQ,Information Technology,TCS.NS,F&O
TD Power Systems Limited,Capital Goods,TDPOWERSYS,EQ,Capital Goods,TDPOWERSYS.NS,#N/A
Teamlease Services Limited,Services,TEAMLEASE,EQ,Services,TEAMLEASE.NS,#N/A
Tech Mahindra Limited,Information Technology,TECHM,EQ,Information Technology,TECHM.NS,F&O
Techno Electric & Engineering Company Limited,Construction,TECHNOE,EQ,Construction,TECHNOE.NS,#N/A
Tega Industries Limited,Capital Goods,TEGA,EQ,Capital Goods,TEGA.NS,#N/A
Tejas Networks Limited,Telecommunication,TEJASNET,EQ,Telecommunication,TEJASNET.NS,#N/A
Texmaco Rail & Engineering Limited,Capital Goods,TEXRAIL,EQ,Capital Goods,TEXRAIL.NS,#N/A
Thangamayil Jewellery Limited,Consumer Durables,THANGAMAYL,EQ,Consumer Durables,THANGAMAYL.NS,#N/A
Leela Palaces Hotels & Resorts Ltd.,Consumer Services,THELEELA,EQ,Consumer Services,THELEELA.NS,#N/A
Thermax Limited,Capital Goods,THERMAX,EQ,Capital Goods,THERMAX.NS,#N/A
Tilaknagar Industries Limited,Fast Moving Consumer Goods,TI,EQ,Fast Moving Consumer Goods,TI.NS,#N/A
Technocraft Industries (India) Limited,Capital Goods,TIIL,EQ,Capital Goods,TIIL.NS,#N/A
Tube Investments of India Limited,Automobile and Auto Components,TIINDIA,EQ,Automobile and Auto Components,TIINDIA.NS,F&O
Time Technoplast Limited,Capital Goods,TIMETECHNO,EQ,Capital Goods,TIMETECHNO.NS,#N/A
Timken India Limited,Capital Goods,TIMKEN,EQ,Capital Goods,TIMKEN.NS,#N/A
TITAGARH RAIL SYSTEMS LIMITED,Capital Goods,TITAGARH,EQ,Capital Goods,TITAGARH.NS,#N/A
Titan Company Limited,Consumer Durables,TITAN,EQ,Consumer Durables,TITAN.NS,F&O
Tamilnad Mercantile Bank Limited,Financial Services,TMB,EQ,Financial Services,TMB.NS,#N/A
Tata Motors Passenger Vehicles Ltd.,Automobile and Auto Components,TMPV,EQ,Automobile and Auto Components,TMPV.NS,F&O
Torrent Pharmaceuticals Limited,Healthcare,TORNTPHARM,EQ,Healthcare,TORNTPHARM.NS,F&O
Torrent Power Limited,Power,TORNTPOWER,EQ,Power,TORNTPOWER.NS,#N/A
Trent Limited,Consumer Services,TRENT,EQ,Consumer Services,TRENT.NS,F&O
Trident Limited,Textiles,TRIDENT,EQ,Textiles,TRIDENT.NS,#N/A
Triveni Turbine Limited,Capital Goods,TRITURBINE,EQ,Capital Goods,TRITURBINE.NS,#N/A
Triveni Engineering & Industries Limited,Fast Moving Consumer Goods,TRIVENI,EQ,Fast Moving Consumer Goods,TRIVENI.NS,#N/A
TTK Prestige Limited,Consumer Durables,TTKPRESTIG,EQ,Consumer Durables,TTKPRESTIG.NS,#N/A
Tata Teleservices (Maharashtra) Limited,Telecommunication,TTML,EQ,Telecommunication,TTML.NS,#N/A
TVS Holdings Limited,Automobile and Auto Components,TVSHLTD,EQ,Automobile and Auto Components,TVSHLTD.NS,#N/A
TVS Motor Company Limited,Automobile and Auto Components,TVSMOTOR,EQ,Automobile and Auto Components,TVSMOTOR.NS,F&O
TVS Supply Chain Solutions Limited,Services,TVSSCS,EQ,Services,TVSSCS.NS,#N/A
TVS Srichakra Limited,Automobile and Auto Components,TVSSRICHAK,EQ,Automobile and Auto Components,TVSSRICHAK.NS,#N/A
United Breweries Limited,Fast Moving Consumer Goods,UBL,EQ,Fast Moving Consumer Goods,UBL.NS,#N/A
UCO Bank,Financial Services,UCOBANK,EQ,Financial Services,UCOBANK.NS,#N/A
Ujjivan Small Finance Bank Limited,Financial Services,UJJIVANSFB,EQ,Financial Services,UJJIVANSFB.NS,#N/A
UltraTech Cement Limited,Construction Materials,ULTRACEMCO,EQ,Construction Materials,ULTRACEMCO.NS,F&O
Union Bank of India,Financial Services,UNIONBANK,EQ,Financial Services,UNIONBANK.NS,F&O
United Spirits Ltd.,Fast Moving Consumer Goods,UNITDSPR,EQ,Fast Moving Consumer Goods,UNITDSPR.NS,F&O
UNO Minda Limited,Automobile and Auto Components,UNOMINDA,EQ,Automobile and Auto Components,UNOMINDA.NS,F&O
UPL Limited,Chemicals,UPL,EQ,Chemicals,UPL.NS,F&O
Usha Martin Limited,Capital Goods,USHAMART,EQ,Capital Goods,USHAMART.NS,#N/A
UTI Asset Management Company Limited,Financial Services,UTIAMC,EQ,Financial Services,UTIAMC.NS,#N/A
Utkarsh Small Finance Bank Limited,Financial Services,UTKARSHBNK,EQ,Financial Services,UTKARSHBNK.NS,#N/A
Vaibhav Global Limited,Consumer Durables,VAIBHAVGBL,EQ,Consumer Durables,VAIBHAVGBL.NS,#N/A
Varroc Engineering Limited,Automobile and Auto Components,VARROC,EQ,Automobile and Auto Components,VARROC.NS,#N/A
Varun Beverages Limited,Fast Moving Consumer Goods,VBL,EQ,Fast Moving Consumer Goods,VBL.NS,F&O
Vedanta Limited,Metals & Mining,VEDL,EQ,Metals & Mining,VEDL.NS,F&O
Ventive Hospitality Ltd.,Consumer Services,VENTIVE,EQ,Consumer Services,VENTIVE.NS,#N/A
Venus Pipes & Tubes Limited,Capital Goods,VENUSPIPES,EQ,Capital Goods,VENUSPIPES.NS,#N/A
Vesuvius India Limited,Capital Goods,VESUVIUS,EQ,Capital Goods,VESUVIUS.NS,#N/A
V-Guard Industries Limited,Consumer Durables,VGUARD,EQ,Consumer Durables,VGUARD.NS,#N/A
Vijaya Diagnostic Centre Limited,Healthcare,VIJAYA,EQ,Healthcare,VIJAYA.NS,#N/A
Vinati Organics Limited,Chemicals,VINATIORGA,EQ,Chemicals,VINATIORGA.NS,#N/A
VIP Industries Limited,Consumer Durables,VIPIND,EQ,Consumer Durables,VIPIND.NS,#N/A
V-Mart Retail Limited,Consumer Services,VMART,EQ,Consumer Services,VMART.NS,#N/A
Vishal Mega Mart Ltd.,Consumer Services,VMM,EQ,Consumer Services,VMM.NS,F&O
Voltamp Transformers Limited,Capital Goods,VOLTAMP,EQ,Capital Goods,VOLTAMP.NS,#N/A
Voltas Limited,Consumer Durables,VOLTAS,EQ,Consumer Durables,VOLTAS.NS,F&O
VRL Logistics Limited,Services,VRLLOG,EQ,Services,VRLLOG.NS,#N/A
VST Industries Limited,Fast Moving Consumer Goods,VSTIND,EQ,Fast Moving Consumer Goods,VSTIND.NS,#N/A
V.S.T Tillers Tractors Limited,Capital Goods,VSTTILLERS,EQ,Capital Goods,VSTTILLERS.NS,#N/A
Vardhman Textiles Limited,Textiles,VTL,EQ,Textiles,VTL.NS,#N/A
Waaree Energies Ltd.,Capital Goods,WAAREEENER,EQ,Capital Goods,WAAREEENER.NS,F&O
VA Tech Wabag Limited,Utilities,WABAG,EQ,Utilities,WABAG.NS,#N/A
Welspun Corp Limited,Capital Goods,WELCORP,EQ,Capital Goods,WELCORP.NS,#N/A
Welspun Enterprises Limited,Construction,WELENT,EQ,Construction,WELENT.NS,#N/A
Welspun Living Ltd.,Textiles,WELSPUNLIV,EQ,Textiles,WELSPUNLIV.NS,#N/A
WESTLIFE FOODWORLD LIMITED,Consumer Services,WESTLIFE,EQ,Consumer Services,WESTLIFE.NS,#N/A
Whirlpool of India Limited,Consumer Durables,WHIRLPOOL,EQ,Consumer Durables,WHIRLPOOL.NS,#N/A
Wipro Limited,Information Technology,WIPRO,EQ,Information Technology,WIPRO.NS,F&O
Wockhardt Limited,Healthcare,WOCKPHARMA,EQ,Healthcare,WOCKPHARMA.NS,#N/A
Wonderla Holidays Limited,Consumer Services,WONDERLA,EQ,Consumer Services,WONDERLA.NS,#N/A
West Coast Paper Mills Limited,Forest Materials,WSTCSTPAPR,EQ,Forest Materials,WSTCSTPAPR.NS,#N/A
Yatharth Hospital & Trauma Care Services Limited,Healthcare,YATHARTH,EQ,Healthcare,YATHARTH.NS,#N/A
Yes Bank Limited,Financial Services,YESBANK,EQ,Financial Services,YESBANK.NS,F&O
Zaggle Prepaid Ocean Services Limited,Information Technology,ZAGGLE,EQ,Information Technology,ZAGGLE.NS,#N/A
Zee Entertainment Enterprises Limited,"Media, Entertainment & Publication",ZEEL,EQ,"Media, Entertainment & Publication",ZEEL.NS,#N/A
Zensar Technologies Limited,Information Technology,ZENSARTECH,EQ,Information Technology,ZENSARTECH.NS,#N/A
Zen Technologies Ltd.,Capital Goods,ZENTEC,EQ,Capital Goods,ZENTEC.NS,#N/A
ZF Commercial Vehicle Control Systems India Limited,Automobile and Auto Components,ZFCVINDIA,EQ,Automobile and Auto Components,ZFCVINDIA.NS,#N/A
Zydus Lifesciences Limited,Healthcare,ZYDUSLIFE,EQ,Healthcare,ZYDUSLIFE.NS,F&O
Zydus Wellness Limited,Fast Moving Consumer Goods,ZYDUSWELL,EQ,Fast Moving Consumer Goods,ZYDUSWELL.NS,#N/A
