snapshot_date,ticker,Company Name,Industry,stage,stage_raw,stage_variant,stage_classification,stage_display,stage_confidence,stage_reason,stage_state_reason,stage_failed_since,last_stage2_date,stage_pending_raw,current_rank,interesting_priority,daily_setup_bucket,weekly_setup_bucket,combined_bucket,final_combined_score,rs_3m_pct,rs_6m_pct,volume_dryup_ratio,breakout_volume_ratio,weekly_volume_ratio,volume_is_drying_up,weekly_volume_is_drying_up,notes
2026-08-20,RKFORGE.NS,Ramkrishna Forgings Limited,Capital Goods,Stage 2,Stage 2,Extended Stage 2,Extended Stage 2,Stage 2 • Extended Stage 2,0.78,"Advancing structure remains intact, but price is stretched versus key moving averages or far above the 52-week low.",,,2026-08-19,,11,118.862,watchlist,weekly_breakout,watchlist,70.56,27.73,41.97,0.82,0.21,0.54,True,True,"Stage 2, Extended Stage 2, trend_template_ok, weekly_vcp_ok, volume_dryup, weekly_volume_dryup, weekly_strong"
2026-08-20,GABRIEL.NS,Gabriel India Limited,Automobile and Auto Components,Stage 2,Stage 2,Clean Stage 2,Clean Stage 2,Stage 2 • Clean Stage 2,0.9,"Price is above rising key averages, weekly structure is supportive, and the stock is near its 52-week high.",,,2026-08-19,,2,118.732,forming_vcp,weekly_breakout,watchlist,78.66,28.54,58.19,0.32,0.19,0.23,True,True,"Stage 2, Clean Stage 2, trend_template_ok, daily_vcp_ok, weekly_vcp_ok, volume_dryup, weekly_volume_dryup, weekly_strong"
2026-08-20,DIVISLAB.NS,Divi's Laboratories Limited,Healthcare,Stage 2,Stage 2,Clean Stage 2,Clean Stage 2,Stage 2 • Clean Stage 2,0.9,"Price is above rising key averages, weekly structure is supportive, and the stock is near its 52-week high.",,,2026-08-19,,4,117.806,forming_vcp,weekly_breakout,watchlist,76.53,24.83,43.59,0.8,0.38,0.6,True,True,"Stage 2, Clean Stage 2, trend_template_ok, daily_vcp_ok, weekly_vcp_ok, volume_dryup, weekly_volume_dryup, weekly_strong"
2026-08-20,AUROPHARMA.NS,Aurobindo Pharma Limited,Healthcare,Stage 2,Stage 2,Clean Stage 2,Clean Stage 2,Stage 2 • Clean Stage 2,0.9,"Price is above rising key averages, weekly structure is supportive, and the stock is near its 52-week high.",,,2026-08-19,,3,116.13,watchlist,weekly_near_pivot,watchlist,76.9,1.36,42.38,0.79,0.9,0.71,True,True,"Stage 2, Clean Stage 2, trend_template_ok, weekly_vcp_ok, volume_dryup, weekly_volume_dryup, weekly_strong"
2026-08-20,TVSMOTOR.NS,TVS Motor Company Limited,Automobile and Auto Components,Stage 2,Stage 2,Clean Stage 2,Clean Stage 2,Stage 2 • Clean Stage 2,0.9,"Price is above rising key averages, weekly structure is supportive, and the stock is near its 52-week high.",,,2026-08-19,,5,115.424,watchlist,weekly_near_pivot,watchlist,75.87,27.26,22.34,0.59,0.44,0.47,True,True,"Stage 2, Clean Stage 2, trend_template_ok, weekly_vcp_ok, volume_dryup, weekly_volume_dryup, weekly_strong"
2026-08-20,SSWL.NS,Steel Strips Wheels Limited,Automobile and Auto Components,Stage 2,Stage 2,Clean Stage 2,Clean Stage 2,Stage 2 • Clean Stage 2,0.9,"Price is above rising key averages, weekly structure is supportive, and the stock is near its 52-week high.",,,2026-08-19,,22,115.284,watchlist,weekly_breakout,watchlist,66.42,43.05,44.59,0.4,0.34,0.35,True,True,"Stage 2, Clean Stage 2, trend_template_ok, weekly_vcp_ok, volume_dryup, weekly_volume_dryup, weekly_strong"
2026-08-20,EICHERMOT.NS,Eicher Motors Limited,Automobile and Auto Components,Stage 2,Stage 2,Clean Stage 2,Clean Stage 2,Stage 2 • Clean Stage 2,0.9,"Price is above rising key averages, weekly structure is supportive, and the stock is near its 52-week high.",,,2026-08-19,,10,115.132,forming_vcp,weekly_breakout,watchlist,70.66,7.57,9.54,0.61,0.63,0.55,True,True,"Stage 2, Clean Stage 2, trend_template_ok, daily_vcp_ok, weekly_vcp_ok, volume_dryup, weekly_volume_dryup, weekly_strong"
2026-08-20,SONACOMS.NS,Sona BLW Precision Forgings Limited,Automobile and Auto Components,Stage 2,Stage 2,Extended Stage 2,Extended Stage 2,Stage 2 • Extended Stage 2,0.78,"Advancing structure remains intact, but price is stretched versus key moving averages or far above the 52-week low.",,,2026-08-19,,1,114.1,watchlist,weekly_breakout,watchlist,79.25,36.02,61.63,0.86,1.0,0.88,False,True,"Stage 2, Extended Stage 2, trend_template_ok, weekly_vcp_ok, weekly_volume_dryup, weekly_strong"
2026-08-20,VOLTAMP.NS,Voltamp Transformers Limited,Capital Goods,Stage 2,Stage 2,Stage 2,Stage 2,Stage 2,0.76,Advancing structure detected.,,,2026-08-19,,8,113.892,watchlist,weekly_near_pivot,watchlist,71.96,9.37,33.94,0.7,1.89,0.75,True,True,"Stage 2, Stage 2, trend_template_ok, weekly_vcp_ok, volume_dryup, weekly_volume_dryup, weekly_strong"
2026-08-20,KEI.NS,KEI Industries Limited,Capital Goods,Stage 2,Stage 2,Clean Stage 2,Clean Stage 2,Stage 2 • Clean Stage 2,0.9,"Price is above rising key averages, weekly structure is supportive, and the stock is near its 52-week high.",,,2026-08-19,,9,113.582,watchlist,weekly_near_pivot,watchlist,71.66,4.37,30.85,0.82,0.71,0.73,True,True,"Stage 2, Clean Stage 2, trend_template_ok, weekly_vcp_ok, volume_dryup, weekly_volume_dryup, weekly_strong"
2026-08-20,RAJRATAN.NS,Rajratan Global Wire Limited,Automobile and Auto Components,Stage 2,Stage 2,Early Stage 2,Early Stage 2,Stage 2 • Early Stage 2,0.72,"Price has moved above long-term structure, but the full moving-average stack is not clean yet.",,,2026-08-19,,30,113.034,watchlist,weekly_breakout,watchlist,65.17,19.64,18.46,0.35,0.19,0.29,True,True,"Stage 2, Early Stage 2, weekly_vcp_ok, volume_dryup, weekly_volume_dryup, weekly_strong"
2026-08-20,NYKAA.NS,FSN E-Commerce Ventures Limited,Consumer Services,Stage 2,Stage 2,Clean Stage 2,Clean Stage 2,Stage 2 • Clean Stage 2,0.9,"Price is above rising key averages, weekly structure is supportive, and the stock is near its 52-week high.",,,2026-08-19,,19,112.176,forming_vcp,weekly_breakout,watchlist,67.13,16.55,28.4,0.63,1.01,0.49,True,True,"Stage 2, Clean Stage 2, trend_template_ok, daily_vcp_ok, weekly_vcp_ok, volume_dryup, weekly_volume_dryup, weekly_strong"
2026-08-20,FEDERALBNK.NS,The Federal Bank Limited,Financial Services,Stage 2,Stage 2,Clean Stage 2,Clean Stage 2,Stage 2 • Clean Stage 2,0.9,"Price is above rising key averages, weekly structure is supportive, and the stock is near its 52-week high.",,,2026-08-19,,14,111.992,watchlist,weekly_near_pivot,watchlist,69.96,20.25,30.3,0.53,0.72,0.44,True,True,"Stage 2, Clean Stage 2, trend_template_ok, weekly_vcp_ok, volume_dryup, weekly_volume_dryup, weekly_strong"
2026-08-20,KARURVYSYA.NS,Karur Vysya Bank Limited,Financial Services,Stage 2,Stage 2,Clean Stage 2,Clean Stage 2,Stage 2 • Clean Stage 2,0.9,"Price is above rising key averages, weekly structure is supportive, and the stock is near its 52-week high.",,,2026-08-19,,28,109.606,forming_vcp,weekly_breakout,watchlist,65.53,12.71,9.92,0.32,0.46,0.32,True,True,"Stage 2, Clean Stage 2, trend_template_ok, daily_vcp_ok, weekly_vcp_ok, volume_dryup, weekly_volume_dryup, weekly_strong"
2026-08-20,PRUDENT.NS,Prudent Corporate Advisory Services Limited,Financial Services,Stage 2,Stage 2,Clean Stage 2,Clean Stage 2,Stage 2 • Clean Stage 2,0.9,"Price is above rising key averages, weekly structure is supportive, and the stock is near its 52-week high.",,,2026-08-19,,24,105.694,watchlist,weekly_breakout,watchlist,65.97,21.09,33.36,1.78,0.22,0.61,False,True,"Stage 2, Clean Stage 2, trend_template_ok, weekly_vcp_ok, weekly_volume_dryup, weekly_strong"
2026-08-20,ARE&M.NS,Amara Raja Energy & Mobility Ltd.,Automobile and Auto Components,Stage 2,Stage 2,Early Stage 2,Early Stage 2,Stage 2 • Early Stage 2,0.72,"Price has moved above long-term structure, but the full moving-average stack is not clean yet.",,,2026-08-19,,25,105.434,watchlist,weekly_breakout,watchlist,65.92,11.51,17.56,1.97,0.24,0.41,False,True,"Stage 2, Early Stage 2, weekly_vcp_ok, weekly_volume_dryup, weekly_strong"
2026-08-20,BOSCHLTD.NS,Bosch Limited,Automobile and Auto Components,Stage 2,Stage 2,Clean Stage 2,Clean Stage 2,Stage 2 • Clean Stage 2,0.9,"Price is above rising key averages, weekly structure is supportive, and the stock is near its 52-week high.",,,2026-08-19,,6,105.08,watchlist,weekly_breakout,watchlist,75.4,33.46,44.92,1.47,1.22,1.31,False,False,"Stage 2, Clean Stage 2, trend_template_ok, weekly_vcp_ok, weekly_strong"
2026-08-20,PNBHOUSING.NS,PNB Housing Finance Limited,Financial Services,Stage 2,Stage 2,Clean Stage 2,Clean Stage 2,Stage 2 • Clean Stage 2,0.9,"Price is above rising key averages, weekly structure is supportive, and the stock is near its 52-week high.",,,2026-08-19,,7,104.346,watchlist,weekly_breakout,watchlist,72.98,9.2,43.81,0.95,2.2,1.05,False,False,"Stage 2, Clean Stage 2, trend_template_ok, weekly_vcp_ok, weekly_strong"
2026-08-20,PRICOLLTD.NS,Pricol Limited,Automobile and Auto Components,Stage 2,Stage 2,Extended Stage 2,Extended Stage 2,Stage 2 • Extended Stage 2,0.78,"Advancing structure remains intact, but price is stretched versus key moving averages or far above the 52-week low.",,,2026-08-19,,29,104.294,watchlist,weekly_breakout,watchlist,65.22,41.77,40.51,0.86,0.56,0.67,False,True,"Stage 2, Extended Stage 2, daily_vcp_ok, weekly_vcp_ok, weekly_volume_dryup, weekly_strong"
2026-08-20,FLUOROCHEM.NS,Gujarat Fluorochemicals Limited,Chemicals,Stage 2,Stage 2,Clean Stage 2,Clean Stage 2,Stage 2 • Clean Stage 2,0.9,"Price is above rising key averages, weekly structure is supportive, and the stock is near its 52-week high.",,,2026-08-19,,12,102.586,watchlist,weekly_breakout,watchlist,70.43,19.54,44.9,1.9,1.08,1.42,False,False,"Stage 2, Clean Stage 2, trend_template_ok, weekly_vcp_ok, weekly_strong"
